,AÑO,CÓDIGO_DEPARTAMENTO,POBLACIÓN_5_16,TASA_MATRICULACIÓN_5_16,COBERTURA_NETA,COBERTURA_NETA_TRANSICIÓN,COBERTURA_NETA_PRIMARIA,COBERTURA_NETA_SECUNDARIA,COBERTURA_NETA_MEDIA,COBERTURA_BRUTA,COBERTURA_BRUTA_TRANSICIÓN,COBERTURA_BRUTA_PRIMARIA,COBERTURA_BRUTA_SECUNDARIA,COBERTURA_BRUTA_MEDIA,TAMAÑO_PROMEDIO_DE_GRUPO,SEDES_CONECTADAS_A_INTERNET,DESERCIÓN,DESERCIÓN_TRANSICIÓN,DESERCIÓN_PRIMARIA,DESERCIÓN_SECUNDARIA,DESERCIÓN_MEDIA,APROBACIÓN,APROBACIÓN_TRANSICIÓN,APROBACIÓN_PRIMARIA,APROBACIÓN_SECUNDARIA,APROBACIÓN_MEDIA,REPROBACIÓN,REPROBACIÓN_TRANSICIÓN,REPROBACIÓN_PRIMARIA,REPROBACIÓN_SECUNDARIA,REPROBACIÓN_MEDIA,REPITENCIA,REPITENCIA_TRANSICIÓN,REPITENCIA_PRIMARIA,REPITENCIA_SECUNDARIA,REPITENCIA_MEDIA
0,2011,5,1288473,94.01,93.85,70.28,94.12,75.68,44.37,106.81,85.69,117.5,110.81,84.06,27.47,74.48,3.97,3.62,3.65,4.57,3.71,93.98,0.07,94.56,4.57,93.33,2.06,0.07,94.56,2.54,2.96,4.25,0.07,4.56,5.27,1.68
1,2011,8,523935,99.32,99.05,50.59,98.93,80.22,50.17,107.88,84.19,120.41,107.89,87.98,24.42,80.46,2.76,2.6,3.06,2.42,2.61,96.7,0.12,96.49,2.42,96.64,0.54,0.12,96.49,0.67,0.75,1.82,0.12,1.77,2.18,0.88
2,2011,11,1479334,90.7,90.29,68.63,86.99,84.7,55.01,97.78,82.04,97.94,106.48,87.76,26.75,94.21,3.95,10.05,5.3,1.96,2.55,96.05,0.0,94.69,1.96,97.45,0.0,0.0,94.69,0.0,0.0,3.23,0.0,2.3,5.11,2.57
3,2011,13,496676,91.57,91.4,59.74,90.81,67.34,39.17,110.41,98.82,126.45,108.15,80.64,20.8,30.12,3.14,1.85,2.93,3.79,3.13,94.76,0.46,95.48,3.79,93.2,2.1,0.46,95.48,2.75,3.67,4.43,0.46,4.44,5.37,2.28
4,2011,15,300501,86.16,86.11,63.36,82.5,74.65,49.09,104.15,78.87,99.88,119.78,94.76,22.77,25.26,3.07,2.4,2.24,4.03,3.51,94.2,0.17,96.1,4.03,93.23,2.73,0.17,96.1,4.31,3.26,2.62,0.17,1.9,4.19,1.55
5,2011,17,201185,87.04,86.98,64.99,83.86,73.41,45.38,98.13,77.19,103.62,103.93,83.7,22.6,34.74,4.13,4.35,3.92,4.87,2.82,90.62,0.3,91.59,4.87,92.04,5.25,0.3,91.59,7.25,5.15,4.67,0.3,4.15,6.55,3.07
6,2011,18,124148,88.78,88.76,58.98,90.31,57.31,25.44,106.03,85.2,130.59,101.6,60.35,23.21,8.01,3.64,3.39,3.56,3.91,3.39,96.06,0.05,96.34,3.91,93.45,0.3,0.05,96.34,0.08,3.15,4.17,0.05,3.7,5.8,2.87
7,2011,19,328682,86.35,86.21,52.01,87.94,61.58,30.44,98.03,81.82,117.83,94.24,65.87,18.29,29.7,2.75,1.87,1.96,3.91,3.6,92.53,1.17,92.77,3.91,91.77,4.72,1.17,92.77,4.64,4.63,2.09,1.17,1.75,3.13,1.57
8,2011,20,263789,94.75,94.57,65.96,95.22,66.47,34.98,110.47,105.65,129.53,105.96,73.07,20.58,29.02,7.07,5.17,7.36,7.62,5.42,90.54,0.46,91.02,7.62,90.8,2.39,0.46,91.02,3.74,3.78,1.67,0.46,1.57,2.19,0.97
9,2011,23,405431,94.53,94.46,67.18,93.22,68.79,37.16,111.08,103.69,125.71,110.67,78.66,20.16,35.26,4.59,5.45,4.08,5.3,4.1,94.29,0.22,95.13,5.3,93.19,1.12,0.22,95.13,1.37,2.71,4.07,0.22,4.18,4.53,2.43
10,2011,25,570954,92.13,91.93,67.19,88.12,81.38,47.57,103.34,89.21,106.03,112.14,86.21,17.76,35.04,3.6,3.48,2.99,4.31,3.72,95.58,0.04,96.62,4.31,94.5,0.89,0.04,96.62,1.26,1.93,2.7,0.04,1.99,4.18,1.78
11,2011,27,145587,83.79,83.79,50.17,86.4,41.3,19.64,110.17,77.0,150.46,89.06,63.13,17.86,13.88,4.29,2.89,4.24,5.05,3.59,93.5,0.07,94.19,5.05,93.5,2.21,0.07,94.19,4.25,2.91,0.42,0.07,0.6,0.26,0.07
12,2011,41,275956,90.52,90.47,69.9,92.31,73.5,38.49,101.13,87.47,113.41,104.54,71.11,22.28,30.28,4.38,4.0,3.2,6.0,4.99,92.39,0.11,94.35,6.0,89.67,3.24,0.11,94.35,4.46,5.34,4.36,0.11,4.41,5.59,2.41
13,2011,44,231046,77.12,77.0,44.61,74.68,41.56,21.91,89.4,84.56,119.07,68.03,49.83,20.22,34.94,6.17,4.2,6.31,7.04,4.65,92.78,0.46,92.58,7.04,93.07,1.07,0.46,92.58,0.78,2.28,3.85,0.46,4.49,3.44,1.46
14,2011,47,333793,94.47,94.32,55.4,90.9,66.53,37.55,110.51,109.71,129.12,103.1,75.84,21.3,27.63,3.63,2.24,3.45,4.1,4.37,94.98,0.42,95.12,4.1,93.55,1.39,0.42,95.12,1.41,2.08,1.52,0.42,1.44,1.99,0.65
15,2011,50,209319,93.65,93.59,61.46,92.35,75.89,40.79,102.82,82.9,115.06,106.18,75.26,22.79,24.42,5.55,5.12,5.58,6.15,3.8,93.08,0.07,93.39,6.15,93.9,1.37,0.07,93.39,1.85,2.3,1.48,0.07,1.27,2.26,0.9
16,2011,52,401313,80.53,80.5,48.3,80.14,53.68,29.04,93.96,75.92,115.43,87.15,62.27,20.76,15.68,10.17,13.91,9.67,10.58,9.01,89.97,0.08,91.2,10.58,89.45,1.4,0.08,91.2,2.18,2.55,2.53,0.08,2.34,3.52,1.32
17,2011,54,324219,89.04,88.96,68.9,91.01,66.38,39.03,102.48,87.41,117.44,98.1,82.3,22.36,17.78,6.87,4.98,5.15,9.35,8.44,92.55,0.06,94.41,9.35,90.14,0.65,0.06,94.41,0.76,1.64,2.19,0.06,1.7,3.46,1.56
18,2011,63,114075,90.87,90.83,64.45,85.53,80.32,47.29,103.95,82.26,106.21,114.89,87.83,27.06,62.0,5.04,5.13,4.52,5.98,4.1,92.43,0.03,94.24,5.98,91.66,2.53,0.03,94.24,3.97,4.23,1.36,0.03,1.1,2.03,0.86
19,2011,66,192633,95.61,95.43,67.38,93.32,76.38,42.83,112.41,89.13,118.88,119.1,95.27,22.87,45.21,4.79,3.73,3.77,6.14,5.39,94.07,0.15,95.57,6.14,91.25,1.14,0.15,95.57,1.24,3.35,1.77,0.15,1.43,2.61,1.13
20,2011,68,434034,92.49,92.4,69.7,92.88,77.28,48.1,103.43,94.3,111.4,106.32,83.87,22.39,25.22,3.68,3.38,2.87,4.75,3.8,94.25,0.34,96.11,4.75,93.22,2.07,0.34,96.11,3.48,2.98,2.92,0.34,2.3,4.48,1.59
21,2011,70,205779,103.27,103.2,68.67,101.38,76.16,40.46,123.04,131.94,139.49,118.49,88.27,24.81,58.31,6.74,9.51,5.5,7.25,8.18,86.31,0.92,87.86,7.25,84.92,7.1,0.92,87.86,9.29,7.08,0.46,0.92,0.55,0.44,0.23
22,2011,73,325983,88.8,88.71,58.6,86.48,71.66,41.33,103.45,82.98,113.27,107.25,81.59,22.09,20.22,4.61,3.66,4.34,5.41,3.95,90.33,0.23,91.99,5.41,90.37,5.06,0.23,91.99,7.77,5.68,0.88,0.23,0.82,1.22,0.47
23,2011,76,906602,88.51,88.33,56.25,86.83,72.17,42.06,101.5,92.48,111.37,103.88,78.7,20.05,41.51,4.24,4.18,3.73,5.01,3.99,90.69,0.58,92.95,5.01,89.64,5.07,0.58,92.95,7.9,6.37,2.3,0.58,2.09,3.22,1.09
24,2011,81,73431,74.15,74.11,49.81,71.09,55.36,31.49,85.09,75.73,93.42,85.88,64.26,17.62,30.33,2.14,1.98,1.86,2.46,2.83,97.72,0.0,98.14,2.46,95.71,0.13,0.0,98.14,0.0,1.46,2.78,0.0,2.29,4.37,2.05
25,2011,85,85803,101.11,101.05,71.27,99.47,82.56,42.64,115.07,94.58,123.09,126.23,82.99,25.31,40.0,3.88,3.2,3.4,4.6,4.18,92.12,0.36,93.96,4.6,91.14,4.0,0.36,93.96,6.44,4.68,3.57,0.36,3.2,5.39,1.23
26,2011,86,93828,80.46,80.46,49.15,82.17,56.36,27.24,93.62,82.42,110.23,90.71,62.85,21.18,15.53,4.18,3.24,3.61,5.63,3.31,95.61,0.0,96.35,5.63,94.5,0.21,0.0,96.35,0.0,2.19,3.37,0.0,2.97,4.91,1.9
27,2011,88,15852,67.28,67.23,57.0,68.26,59.08,39.15,73.8,62.34,75.08,78.79,66.33,24.01,65.63,1.72,0.84,3.03,0.59,0.82,96.73,0.0,96.26,0.59,95.57,1.55,0.0,96.26,2.19,3.61,3.63,0.0,3.44,5.62,1.32
28,2011,91,22223,82.34,82.32,63.68,87.23,50.65,21.91,94.53,94.49,117.82,82.46,58.01,14.95,36.36,5.46,5.56,3.67,8.21,7.9,91.16,0.17,92.83,8.21,85.15,3.38,0.17,92.83,3.16,6.95,5.15,0.17,5.14,6.39,4.15
29,2011,94,11920,74.87,74.87,61.85,73.59,28.88,8.42,95.52,112.75,139.74,68.84,36.14,20.37,4.21,10.94,10.0,10.73,11.62,12.85,73.92,13.13,73.37,11.62,80.86,15.5,13.13,73.37,15.69,6.3,0.77,13.13,0.7,0.98,0.21
30,2011,95,31133,64.04,64.02,32.16,65.42,45.16,20.08,78.3,52.06,92.99,78.15,53.69,26.79,10.73,9.02,5.54,8.91,10.02,8.9,91.15,0.0,91.73,10.02,88.93,0.18,0.0,91.73,0.0,2.17,2.41,0.0,2.08,3.5,1.86
31,2011,97,12690,62.18,62.18,19.22,65.41,29.04,9.73,72.29,32.03,101.28,60.2,39.92,13.39,7.63,9.94,7.22,8.72,12.1,14.24,81.16,3.61,81.5,12.1,78.72,8.89,3.61,81.5,8.1,7.04,6.15,3.61,7.76,4.34,2.06
32,2011,99,20360,73.07,72.98,31.84,74.47,32.89,15.54,82.08,50.78,120.78,59.48,39.03,15.7,16.67,7.33,8.82,8.77,4.29,2.67,91.77,0.0,90.01,4.29,96.57,0.9,0.0,90.01,0.26,0.76,3.54,0.0,3.07,5.45,3.44
33,2012,5,1278686,92.79,92.65,73.2,92.65,74.84,43.5,105.8,94.38,116.03,109.14,80.91,27.96,62.51,4.01,2.55,3.5,5.19,3.77,92.04,0.2,93.05,5.19,92.21,3.95,0.2,93.05,5.55,4.02,1.93,0.2,1.67,2.95,1.1
34,2012,8,523911,91.59,91.43,53.03,89.05,76.73,45.86,100.39,87.56,109.84,102.95,77.63,22.46,51.04,3.32,2.01,3.59,3.43,2.77,96.29,0.16,96.07,3.43,96.9,0.42,0.16,96.07,0.57,0.35,0.8,0.16,0.85,0.93,0.42
35,2012,11,1470171,86.94,86.52,66.33,83.97,81.47,51.78,92.86,82.17,94.28,101.09,78.59,17.5,100.0,3.89,,3.42,4.88,4.45,96.11,0.0,96.58,4.88,95.55,0.0,0.0,96.58,0.0,0.0,5.17,0.0,3.61,8.31,4.08
36,2012,13,495108,88.97,88.87,60.47,87.67,68.02,38.08,103.53,106.56,116.28,100.31,77.07,22.5,33.44,3.39,3.37,3.25,3.57,3.5,92.83,0.9,93.56,3.57,92.14,3.78,0.9,93.56,5.32,4.36,2.4,0.9,2.49,2.88,1.01
37,2012,15,297132,85.7,85.64,70.48,81.46,74.61,48.24,99.96,92.95,95.26,111.24,91.74,24.77,29.95,3.23,2.74,2.38,4.26,3.47,91.92,0.21,94.11,4.26,91.66,4.86,0.21,94.11,7.48,4.87,2.0,0.21,1.44,3.11,1.5
38,2012,17,198526,84.55,84.5,64.28,81.03,72.0,43.83,96.6,84.88,100.17,103.16,80.79,23.73,30.75,4.64,4.7,3.98,5.91,3.57,88.95,0.47,90.35,5.91,90.21,6.4,0.47,90.35,8.77,6.22,4.32,0.47,4.26,5.73,2.38
39,2012,18,124622,83.28,83.25,49.34,85.86,56.23,24.37,98.26,86.33,118.04,94.95,58.65,27.41,11.98,7.23,6.91,6.92,8.38,5.22,91.6,0.13,92.24,8.38,92.91,1.16,0.13,92.24,1.92,1.87,1.16,0.13,1.09,1.6,0.72
40,2012,19,325212,83.48,83.4,53.59,85.38,60.53,29.56,102.15,94.47,121.29,98.98,67.13,18.85,43.75,4.02,2.89,3.04,5.42,5.53,92.05,0.35,92.62,5.42,91.03,3.93,0.35,92.62,4.34,3.44,1.15,0.35,1.06,1.61,0.8
41,2012,20,263271,94.15,94.01,65.94,93.85,69.36,34.62,109.0,126.49,126.51,101.22,71.1,26.28,25.9,5.13,6.22,5.28,5.08,3.24,90.08,2.12,90.8,5.08,91.11,4.8,2.12,90.8,6.81,5.65,1.49,2.12,1.37,2.0,0.89
42,2012,23,405302,93.78,93.69,65.06,91.54,71.82,37.52,110.73,114.96,121.51,111.46,79.37,22.35,30.49,2.95,3.14,2.48,3.51,3.31,95.33,0.48,96.17,3.51,94.23,1.72,0.48,96.17,2.43,2.46,2.56,0.48,2.59,3.01,1.52
43,2012,25,571082,91.17,90.97,63.61,87.82,81.53,47.27,101.88,87.31,103.89,112.54,83.12,16.78,39.91,2.94,3.24,2.17,3.82,2.85,95.84,0.06,97.25,3.82,95.17,1.22,0.06,97.25,1.97,1.97,2.02,0.06,1.53,3.2,1.28
44,2012,27,145607,80.97,80.95,62.17,83.24,41.9,19.1,99.64,95.46,130.24,81.85,55.82,14.92,18.98,2.09,1.32,1.74,2.98,2.98,91.88,1.45,92.32,2.98,92.76,6.03,1.45,92.32,8.49,4.26,0.1,1.45,0.06,0.21,0.11
45,2012,41,273653,89.77,89.73,67.15,92.67,73.8,37.98,100.19,90.94,111.82,103.66,69.78,26.44,44.54,5.23,4.59,3.97,7.31,4.93,90.01,0.2,92.08,7.31,89.23,4.76,0.2,92.08,6.72,5.83,1.81,0.2,1.72,2.52,1.09
46,2012,44,239298,75.42,75.33,46.22,72.47,41.86,20.67,89.93,100.6,118.57,67.13,47.18,22.53,35.66,6.81,4.81,6.2,8.83,8.42,92.33,0.33,92.92,8.83,91.0,0.86,0.33,92.92,1.17,0.58,3.44,0.33,4.0,2.97,1.04
47,2012,47,334586,91.82,91.64,65.58,87.26,64.96,34.07,108.68,132.73,126.98,97.48,70.94,22.4,30.3,6.22,20.84,4.91,3.85,3.24,91.97,0.81,93.21,3.85,95.13,1.81,0.81,93.21,2.12,1.63,1.59,0.81,1.49,2.03,0.62
48,2012,50,210820,93.35,93.29,67.14,92.31,75.91,40.64,103.0,98.87,114.39,104.58,72.52,26.14,10.77,5.85,5.74,5.06,7.3,5.07,91.68,0.25,93.44,7.3,91.6,2.47,0.25,93.44,4.21,3.32,1.8,0.25,1.5,2.8,1.09
49,2012,52,401539,77.75,77.73,49.18,77.76,53.64,28.59,92.96,77.17,114.83,86.62,58.96,21.4,22.69,1.84,1.32,1.54,2.37,2.29,97.02,0.05,97.56,2.37,96.49,1.14,0.05,97.56,1.8,1.22,1.89,0.05,1.69,2.71,1.17
50,2012,54,322304,86.0,85.93,71.79,90.29,64.3,35.87,96.69,104.84,112.76,91.5,65.85,26.52,12.78,4.89,4.33,4.49,5.93,4.06,93.58,0.31,94.52,5.93,93.73,1.52,0.31,94.52,2.45,2.21,2.0,0.31,1.51,3.15,1.55
51,2012,63,112175,88.77,88.74,57.76,83.48,79.17,46.59,102.48,85.14,102.69,115.75,84.76,27.72,20.29,6.23,6.6,5.33,7.71,4.87,89.79,0.19,92.03,7.71,90.92,3.99,0.19,92.03,6.3,4.21,1.23,0.19,0.89,1.96,0.68
52,2012,66,189484,92.91,92.77,66.03,91.19,75.09,42.98,109.1,101.05,115.24,114.83,87.7,21.73,46.96,7.04,6.06,5.74,9.21,6.46,87.91,0.88,90.82,9.21,88.3,5.06,0.88,90.82,8.17,5.25,1.13,0.88,0.94,1.66,0.65
53,2012,68,425904,92.21,92.11,70.17,92.89,77.82,46.84,103.99,113.0,111.22,105.22,81.41,24.89,22.18,4.67,5.46,3.79,5.89,3.84,92.65,0.32,94.58,5.89,92.93,2.68,0.32,94.58,4.44,3.23,2.53,0.32,1.75,4.18,1.58
54,2012,70,203626,95.6,95.55,67.51,95.1,73.72,38.11,112.62,131.62,128.16,105.8,79.65,23.33,26.4,4.83,5.15,4.77,5.0,4.31,85.68,0.8,86.01,5.0,86.79,9.49,0.8,86.01,12.81,8.9,0.65,0.8,0.65,0.75,0.54
55,2012,73,321653,87.47,87.42,61.62,85.71,71.82,39.77,97.11,93.43,108.4,97.3,70.92,24.81,42.37,5.11,4.92,4.39,6.42,4.31,87.38,0.35,89.53,6.42,89.29,7.51,0.35,89.53,11.54,6.4,0.66,0.35,0.69,0.8,0.37
56,2012,76,894698,88.26,88.09,60.32,86.16,71.21,40.62,101.86,103.98,111.69,103.27,76.19,22.35,40.32,4.32,4.79,3.74,5.21,3.69,92.39,0.2,93.91,5.21,92.98,3.29,0.2,93.91,5.28,3.33,1.64,0.2,1.39,2.4,1.01
57,2012,81,74454,72.33,72.29,51.48,70.61,54.47,29.81,83.67,87.4,92.29,80.66,61.94,16.46,17.33,4.99,4.63,4.72,5.72,4.56,94.99,0.0,95.28,5.72,95.21,0.03,0.0,95.28,0.01,0.23,3.83,0.0,3.06,5.9,3.09
58,2012,85,85999,103.94,103.88,78.45,102.0,85.4,44.03,117.02,111.0,124.85,123.4,87.9,24.17,18.7,6.52,5.57,5.44,8.39,6.08,87.67,0.08,90.35,8.39,88.88,5.81,0.08,90.35,9.64,5.03,1.92,0.08,1.5,3.1,1.29
59,2012,86,93570,78.17,78.17,48.82,78.95,57.46,27.28,93.12,93.3,104.13,91.93,67.64,23.77,15.74,6.16,6.05,5.63,7.44,4.88,89.6,0.28,91.34,7.44,90.23,4.24,0.28,91.34,7.19,4.89,1.03,0.28,1.0,1.33,0.73
60,2012,88,15648,68.7,68.65,59.87,69.69,60.91,39.82,76.21,80.41,76.85,79.21,66.91,25.28,0.0,1.26,1.21,1.12,1.52,1.12,98.16,0.0,98.37,1.52,98.16,0.58,0.0,98.37,0.76,0.72,3.9,0.0,2.31,7.03,2.74
61,2012,91,22194,81.87,81.87,60.22,85.62,53.33,22.31,94.76,108.82,113.46,84.95,58.28,19.34,20.91,4.7,5.16,2.3,7.97,8.06,93.74,0.0,95.78,7.97,89.96,1.56,0.0,95.78,1.35,1.98,6.3,0.0,6.83,7.25,3.17
62,2012,94,11920,70.82,70.82,47.69,72.5,28.38,8.24,85.9,97.97,123.18,66.45,33.19,18.6,18.95,8.91,9.43,8.18,10.63,7.93,78.18,8.29,79.74,10.63,77.4,12.91,8.29,79.74,16.74,14.66,1.75,8.29,1.77,1.46,1.43
63,2012,95,31272,59.2,59.18,37.54,58.24,43.64,19.62,71.3,61.81,80.5,71.54,50.99,18.66,11.42,4.86,4.11,5.37,4.46,3.89,94.89,0.12,94.46,4.46,95.28,0.26,0.12,94.46,0.28,0.84,1.5,0.12,1.13,2.4,0.73
64,2012,97,12681,62.32,62.32,25.29,63.35,31.81,9.36,73.18,43.72,100.51,61.76,37.78,13.21,20.61,7.62,9.09,6.62,8.9,10.82,79.86,2.27,79.86,8.9,76.63,12.52,2.27,79.86,12.3,12.54,5.11,2.27,5.95,4.8,1.31
65,2012,99,20686,66.75,66.75,38.02,66.96,33.37,15.01,75.11,70.78,103.97,56.97,35.88,15.67,17.86,5.07,7.59,4.41,6.11,4.14,88.24,4.0,86.45,6.11,93.94,6.69,4.0,86.45,2.81,1.92,1.31,4.0,1.33,1.67,1.04
66,2013,5,1272458,92.06,91.93,67.61,91.53,75.66,42.71,105.69,89.77,114.71,110.13,83.42,52.72,68.47,3.57,2.92,2.94,4.8,3.07,91.59,0.12,93.02,4.8,91.76,4.84,0.12,93.02,6.96,5.17,1.57,0.12,1.41,2.27,1.12
67,2013,8,522832,86.41,86.22,53.67,83.23,74.1,43.94,95.58,90.45,105.34,96.36,72.05,29.46,84.94,3.12,1.58,3.55,3.17,2.33,95.77,0.56,95.44,3.17,96.72,1.11,0.56,95.44,1.43,0.95,1.66,0.56,1.71,1.89,0.79
68,2013,11,1466854,84.5,84.07,61.24,79.32,79.72,52.67,91.42,78.94,89.84,99.41,85.53,28.08,99.86,3.68,0.59,3.1,4.82,3.74,96.32,0.01,96.9,4.82,96.26,0.0,0.01,96.9,0.0,0.0,6.89,0.01,4.88,10.78,5.54
69,2013,13,492500,89.66,89.55,59.86,87.5,70.4,38.27,103.72,110.14,115.02,101.57,76.86,34.98,52.59,2.56,2.57,2.58,2.66,2.2,94.23,0.42,94.91,2.66,93.72,3.2,0.42,94.91,4.77,4.08,1.91,0.42,2.12,2.19,0.83
70,2013,15,292312,85.1,85.05,66.11,81.56,75.09,48.43,96.3,84.49,94.3,102.56,94.08,39.97,23.57,2.45,2.3,1.78,3.25,2.5,93.41,0.27,95.35,3.25,93.77,4.14,0.27,95.35,6.53,3.74,1.69,0.27,1.28,2.55,1.37
71,2013,17,196982,82.58,82.54,56.05,78.2,70.78,44.6,94.92,75.79,98.79,100.75,83.2,40.09,34.49,4.1,4.26,3.36,5.38,3.21,88.64,0.36,90.3,5.38,90.4,7.25,0.36,90.3,10.2,6.39,1.87,0.36,1.57,2.75,1.42
72,2013,18,124458,80.95,80.94,49.28,81.93,56.48,23.87,95.55,89.72,114.83,90.45,58.16,46.7,8.48,6.55,6.08,6.69,6.95,4.34,92.48,0.26,92.55,6.95,94.48,0.96,0.26,92.55,1.48,1.18,1.32,0.26,1.13,2.06,0.89
73,2013,19,320510,84.34,84.33,47.61,85.42,63.11,31.9,104.67,86.0,122.39,101.61,77.68,30.35,24.64,3.74,2.01,3.4,4.75,3.6,91.69,0.96,91.86,4.75,92.82,4.57,0.96,91.86,5.47,3.59,1.28,0.96,1.2,1.67,1.23
74,2013,20,262240,94.92,94.8,58.66,93.36,71.46,36.02,109.98,118.37,124.67,106.2,75.74,44.23,22.4,4.53,6.02,4.32,4.77,3.3,89.87,2.42,90.67,4.77,91.16,5.6,2.42,90.67,7.5,5.54,1.07,2.42,0.99,1.27,0.68
75,2013,23,407589,93.39,93.35,57.06,92.17,73.47,36.38,110.67,110.3,122.75,110.9,79.41,32.42,18.28,2.3,2.18,1.96,2.79,2.44,96.13,0.75,96.79,2.79,95.72,1.57,0.75,96.79,2.23,1.84,2.69,0.75,2.85,2.86,1.73
76,2013,25,572012,90.49,90.28,61.0,85.47,82.08,47.98,100.66,88.69,101.81,110.73,83.73,23.42,30.51,3.17,3.53,2.61,3.93,2.69,95.7,0.03,96.84,3.93,95.9,1.12,0.03,96.84,1.93,1.41,1.9,0.03,1.39,2.95,1.52
77,2013,27,145133,79.59,79.59,55.47,82.73,44.28,18.43,96.73,95.65,122.5,82.31,56.24,17.38,7.96,4.59,2.79,4.29,6.19,3.71,88.85,0.14,88.62,6.19,91.92,6.56,0.14,88.62,8.37,4.38,0.15,0.14,0.16,0.11,0.06
78,2013,41,272091,89.73,89.68,64.77,90.86,75.27,39.07,101.65,88.51,113.53,104.67,73.09,39.56,11.73,4.78,4.2,3.27,7.0,4.99,92.18,0.07,94.34,7.0,91.05,3.04,0.07,94.34,4.39,3.97,1.03,0.07,0.77,1.65,0.81
79,2013,44,244513,74.8,74.73,45.36,71.75,43.38,19.95,87.85,100.36,114.38,67.89,43.91,47.37,14.04,5.27,4.08,5.69,5.31,3.48,94.12,0.26,93.77,5.31,95.83,0.61,0.26,93.77,0.9,0.68,2.35,0.26,2.47,2.61,1.11
80,2013,47,332266,96.03,95.83,63.85,89.83,68.82,34.97,117.11,144.97,141.75,100.58,71.96,36.44,30.69,3.19,2.03,3.13,3.87,2.68,95.32,0.72,95.41,3.87,96.0,1.49,0.72,95.41,1.86,1.32,1.32,0.72,1.28,1.56,0.76
81,2013,50,213170,94.83,94.76,62.52,94.48,76.98,43.24,106.43,95.9,119.02,105.96,80.32,42.67,19.32,4.49,4.66,3.83,5.69,3.72,93.87,0.17,95.15,5.69,94.06,1.63,0.17,95.15,2.72,2.22,1.15,0.17,0.93,1.86,0.66
82,2013,52,399032,76.6,76.58,45.93,75.34,56.14,28.99,93.62,77.61,111.69,90.65,62.36,32.94,30.83,2.9,0.88,3.07,3.39,2.07,95.83,0.02,96.34,3.39,95.58,1.26,0.02,96.34,2.31,2.35,1.85,0.02,1.84,2.34,1.34
83,2013,54,317334,86.42,86.37,61.14,88.74,66.27,37.86,100.76,101.28,117.19,96.31,70.64,43.68,8.69,3.66,3.76,3.11,4.68,3.02,95.29,0.14,96.15,4.68,95.47,1.05,0.14,96.15,1.63,1.5,1.72,0.14,1.3,2.67,1.56
84,2013,63,111539,85.89,85.87,51.39,78.3,78.46,47.06,100.48,78.84,100.46,112.71,87.2,49.12,64.71,5.3,6.17,4.3,6.75,4.07,89.7,0.06,92.31,6.75,90.75,4.99,0.06,92.31,7.71,5.19,1.21,0.06,1.04,1.81,0.65
85,2013,66,187946,89.97,89.81,58.08,85.86,75.28,42.49,106.4,92.38,112.67,113.31,85.08,30.08,27.54,5.17,5.43,3.69,7.45,3.97,89.77,0.91,93.03,7.45,90.39,5.06,0.91,93.03,8.12,5.64,0.94,0.91,0.86,1.29,0.63
86,2013,68,419596,93.4,93.28,60.45,92.92,80.27,48.09,106.44,103.86,114.56,109.06,84.09,38.86,15.65,3.6,4.7,2.69,4.72,3.09,92.98,0.47,95.3,4.72,92.5,3.41,0.47,95.3,5.58,4.41,2.04,0.47,1.48,3.29,1.35
87,2013,70,202453,96.68,96.64,67.66,95.7,75.42,39.63,117.32,133.11,137.45,106.85,81.58,34.84,30.49,3.83,4.08,3.31,4.66,3.41,86.68,0.82,87.51,4.66,87.68,9.49,0.82,87.51,12.9,8.91,0.7,0.82,0.72,0.69,0.64
88,2013,73,317546,87.02,86.95,55.82,83.99,73.08,40.52,100.2,90.67,104.19,108.57,78.24,37.0,20.39,4.01,4.57,3.5,4.9,3.04,88.65,0.3,90.39,4.9,90.54,7.34,0.3,90.39,10.96,6.41,0.5,0.3,0.5,0.61,0.39
89,2013,76,887988,87.56,87.37,58.92,84.98,71.27,40.61,101.44,94.38,110.17,104.54,78.82,29.67,56.39,3.04,2.72,2.57,3.8,2.88,93.57,0.25,94.83,3.8,93.6,3.39,0.25,94.83,5.13,3.52,1.3,0.25,1.09,1.9,0.86
90,2013,81,74658,70.71,70.7,43.08,69.81,54.13,27.78,81.63,81.38,93.13,78.11,56.13,27.69,16.63,4.17,2.13,4.26,5.09,2.63,95.83,0.0,95.74,5.09,97.28,0.01,0.0,95.74,0.0,0.09,2.42,0.0,1.96,3.63,2.04
91,2013,85,86460,103.73,103.69,74.55,102.07,84.85,45.46,117.81,109.85,127.8,120.14,92.1,31.93,33.44,3.67,4.42,3.14,4.5,2.93,90.86,0.41,92.3,4.5,92.38,5.47,0.41,92.3,8.22,4.7,1.34,0.41,1.21,2.03,0.54
92,2013,86,92887,76.96,76.96,36.82,76.77,60.32,27.69,89.83,80.15,99.83,92.02,65.13,55.79,7.51,5.68,6.25,4.5,7.44,5.41,88.53,0.32,91.13,7.44,87.73,5.79,0.32,91.13,8.98,6.86,0.98,0.32,0.92,1.34,0.56
93,2013,88,15536,67.93,67.89,48.61,66.5,62.41,39.06,74.43,67.22,74.96,81.92,61.98,38.24,80.0,0.91,0.93,1.0,0.97,0.42,99.08,0.0,99.0,0.97,99.49,0.01,0.0,99.0,0.0,0.08,4.73,0.0,3.31,6.98,3.63
94,2013,91,22123,81.84,81.83,48.38,83.96,58.22,22.09,95.41,96.86,111.83,91.23,59.61,27.6,12.84,3.29,3.16,1.82,5.26,5.57,95.78,0.0,97.05,5.26,92.31,0.93,0.0,97.05,0.56,2.12,4.32,0.0,4.41,5.16,2.58
95,2013,94,11918,72.57,72.56,50.89,69.02,30.32,9.12,114.03,108.76,150.84,101.87,52.76,59.64,23.08,4.93,3.56,3.83,7.92,6.21,79.71,10.2,80.71,7.92,83.3,15.36,10.2,80.71,18.56,10.49,3.59,10.2,3.72,3.06,1.55
96,2013,95,31276,57.33,57.32,29.48,55.21,44.04,20.89,70.31,58.4,78.05,73.35,49.64,45.17,21.43,4.02,3.63,4.31,4.14,2.39,95.97,0.0,95.69,4.14,97.56,0.01,0.0,95.69,0.0,0.06,1.16,0.0,0.8,1.84,1.79
97,2013,97,12659,62.25,62.25,21.69,63.88,33.2,8.94,74.45,46.56,100.04,64.21,41.06,14.37,19.33,8.53,11.55,7.25,11.19,6.75,81.3,1.52,80.44,11.19,85.61,10.17,1.52,80.44,7.85,7.64,2.85,1.52,2.96,3.01,3.2
98,2013,99,20977,74.61,74.6,35.04,74.82,36.74,14.01,84.57,85.77,119.02,62.13,35.26,20.97,35.33,9.17,7.4,9.83,8.75,6.71,87.84,0.26,87.5,8.75,88.89,2.99,0.26,87.5,4.46,4.4,1.25,0.26,0.91,2.36,1.7
99,2014,5,1266533,90.97,90.85,64.15,90.68,75.13,41.79,103.9,84.41,111.92,109.8,82.73,31.17,62.72,2.33,2.06,1.91,3.09,2.01,95.08,0.07,96.35,3.09,94.9,2.59,0.07,96.35,4.2,3.09,2.09,0.07,1.61,3.35,1.84
100,2014,8,521917,85.81,85.58,52.18,81.1,74.83,44.17,93.65,82.87,101.61,96.24,73.86,23.57,80.87,3.29,1.28,3.38,3.66,3.04,96.37,0.01,96.21,3.66,96.72,0.34,0.01,96.21,0.35,0.24,1.82,0.01,1.7,2.39,1.0
101,2014,11,1460379,80.79,80.38,57.76,76.77,75.23,49.97,86.66,74.09,86.68,93.86,78.68,17.07,99.44,2.5,2.7,2.01,3.01,2.48,97.36,0.0,97.93,3.01,97.35,0.14,0.0,97.93,0.25,0.17,8.69,0.0,5.47,14.06,8.14
102,2014,13,490573,87.5,87.41,58.42,85.29,71.09,37.69,98.71,103.3,109.1,98.15,71.87,21.18,42.16,3.53,1.92,3.47,4.19,3.06,94.1,0.08,94.88,4.19,93.93,2.37,0.08,94.88,3.86,3.01,1.96,0.08,1.96,2.5,1.2
103,2014,15,288366,83.94,83.89,63.09,80.59,74.9,48.36,94.74,82.74,92.61,102.47,89.85,25.43,21.05,1.89,1.67,1.32,2.55,1.97,93.8,0.22,95.83,2.55,93.39,4.31,0.22,95.83,6.6,4.65,2.24,0.22,1.68,3.48,1.86
104,2014,17,195455,80.96,80.93,54.11,76.53,70.6,43.68,92.36,71.33,94.42,99.47,83.4,26.18,28.42,2.65,3.01,2.03,3.45,2.48,94.74,0.25,95.86,3.45,94.8,2.6,0.25,95.86,3.64,2.72,1.73,0.25,1.35,2.54,1.79
105,2014,18,124473,79.36,79.33,46.22,79.56,57.15,23.36,91.71,80.82,108.91,88.44,59.22,28.64,10.89,4.23,4.34,3.85,4.84,4.27,95.67,0.0,96.1,4.84,94.95,0.1,0.0,96.1,0.05,0.78,1.18,0.0,0.98,1.91,0.91
106,2014,19,316362,84.6,84.58,45.54,86.0,64.65,31.39,105.48,83.07,117.29,109.27,80.85,21.34,42.74,4.54,1.67,3.8,6.25,4.91,95.33,0.0,96.17,6.25,94.12,0.12,0.0,96.17,0.01,0.97,1.2,0.0,1.05,1.78,1.01
107,2014,20,261493,96.29,96.14,59.55,93.79,74.6,36.99,111.11,114.26,127.66,106.98,75.61,28.52,30.59,4.95,5.86,4.41,5.7,4.25,92.87,0.69,93.93,5.7,93.26,2.19,0.69,93.93,3.3,2.5,1.2,0.69,1.1,1.69,0.68
108,2014,23,408623,93.23,93.19,54.82,90.81,74.98,36.92,110.59,102.61,118.3,115.69,84.48,22.34,45.22,2.11,1.7,1.72,2.64,2.62,97.5,0.06,98.07,2.64,96.58,0.39,0.06,98.07,0.62,0.8,2.01,0.06,2.07,2.47,1.47
109,2014,25,573948,89.99,89.79,58.96,85.05,81.31,48.48,99.75,88.53,100.84,109.05,84.06,19.65,21.58,2.6,2.44,1.94,3.43,2.56,96.72,0.01,97.8,3.43,96.19,0.69,0.01,97.8,1.15,1.25,1.73,0.01,1.23,2.73,1.43
110,2014,27,145299,81.15,81.14,53.73,83.75,47.84,18.37,100.66,89.83,125.01,88.43,64.86,18.8,18.84,3.53,2.96,3.25,4.54,2.74,90.58,0.21,90.85,4.54,93.24,5.89,0.21,90.85,8.27,4.02,0.44,0.21,0.52,0.39,0.11
111,2014,41,270459,88.35,88.29,59.17,88.99,75.54,39.36,99.41,81.86,107.26,105.87,75.89,26.94,24.48,3.33,2.23,2.35,4.87,3.61,96.53,0.0,97.63,4.87,95.64,0.14,0.0,97.63,0.16,0.74,1.08,0.0,0.86,1.6,1.1
112,2014,44,251458,74.91,74.87,47.26,71.68,44.78,20.09,88.84,97.32,115.69,70.35,43.85,22.55,37.52,4.48,2.26,4.27,6.03,4.05,95.14,0.11,95.52,6.03,95.26,0.38,0.11,95.52,0.8,0.69,1.3,0.11,1.28,1.82,1.06
113,2014,47,331389,90.35,90.1,59.38,83.79,67.94,33.95,108.4,128.4,126.67,99.26,69.5,19.59,23.0,2.96,1.81,2.97,3.34,2.87,96.05,0.4,96.23,3.34,96.07,0.99,0.4,96.23,1.44,1.06,0.93,0.4,0.86,1.17,0.49
114,2014,50,215227,94.77,94.72,59.88,93.29,78.64,42.39,106.4,90.26,118.91,108.51,77.98,28.07,21.28,3.02,3.31,2.72,3.6,2.37,95.07,0.13,96.07,3.6,95.7,1.9,0.13,96.07,3.29,1.94,1.41,0.13,1.06,2.44,0.77
115,2014,52,397640,75.23,75.22,40.97,73.85,56.67,30.02,89.87,71.81,102.11,87.78,72.66,22.2,36.4,2.91,0.52,2.6,4.0,2.58,96.98,0.0,97.36,4.0,97.03,0.11,0.0,97.36,0.17,0.4,1.6,0.0,1.36,2.38,1.37
116,2014,54,313966,87.2,87.15,57.87,89.64,68.4,36.99,98.77,95.62,113.08,96.13,72.08,28.03,15.46,3.3,3.61,3.37,3.4,2.46,96.07,0.09,96.28,3.4,96.48,0.62,0.09,96.28,1.02,1.06,1.64,0.09,1.21,2.71,1.4
117,2014,63,110359,83.93,83.9,44.26,76.97,78.46,44.57,97.59,71.11,95.29,112.65,86.52,29.57,32.26,3.68,3.98,2.91,4.69,3.11,93.02,0.11,95.15,4.69,93.46,3.29,0.11,95.15,5.31,3.43,1.41,0.11,1.08,2.18,1.05
118,2014,66,185754,88.18,88.02,51.56,84.11,76.47,41.11,103.53,82.14,106.63,114.18,85.75,26.09,56.63,3.67,4.0,3.04,4.65,2.96,93.08,0.52,94.54,4.65,93.52,3.25,0.52,94.54,4.75,3.52,1.66,0.52,1.32,2.62,1.2
119,2014,68,413227,93.63,93.52,57.1,93.33,81.72,47.0,105.95,95.89,114.25,110.33,83.1,26.12,21.54,2.82,2.42,2.43,3.46,2.65,95.45,0.49,96.59,3.46,95.08,1.73,0.49,96.59,2.8,2.27,1.76,0.49,1.36,2.8,1.36
120,2014,70,201098,96.88,96.82,68.99,95.99,75.59,39.86,113.29,131.26,124.25,110.21,83.81,23.85,59.08,5.83,2.16,5.87,7.25,4.9,85.08,0.63,85.57,7.25,86.61,9.08,0.63,85.57,12.69,8.49,1.2,0.63,1.18,1.58,0.79
121,2014,73,313709,86.36,86.3,51.27,84.15,72.77,40.72,96.32,84.76,105.4,98.84,74.52,26.31,34.56,4.16,2.83,4.21,4.56,3.62,90.31,0.27,91.55,4.56,91.45,5.53,0.27,91.55,8.58,4.93,0.92,0.27,0.82,1.32,0.65
122,2014,76,880625,85.52,85.34,53.64,83.48,70.81,39.12,98.4,87.98,105.84,103.24,76.79,21.91,36.22,2.16,2.06,1.8,2.74,1.96,95.6,0.18,96.62,2.74,95.9,2.24,0.18,96.62,3.61,2.14,0.82,0.18,0.81,1.06,0.52
123,2014,81,74948,71.55,71.51,43.19,70.83,54.71,27.6,81.48,76.66,93.11,79.12,56.24,20.42,21.23,5.59,1.65,5.0,7.39,6.76,94.4,0.0,95.0,7.39,93.13,0.01,0.0,95.0,0.0,0.11,2.04,0.0,1.47,3.72,1.39
124,2014,85,86899,103.26,103.24,70.06,102.1,84.71,46.18,117.09,100.87,128.33,120.06,90.92,25.78,23.46,2.27,1.92,2.08,2.64,2.2,92.87,0.28,94.55,2.64,93.95,4.86,0.28,94.55,8.36,3.85,1.19,0.28,1.02,1.87,0.56
125,2014,86,92368,77.72,77.71,36.98,76.41,63.22,28.53,90.13,75.09,98.89,95.06,65.79,28.41,18.04,4.33,4.1,3.4,5.76,4.23,94.59,0.0,95.96,5.76,93.92,1.08,0.0,95.96,1.76,1.85,1.04,0.0,0.76,1.79,0.98
126,2014,88,15395,68.17,68.13,54.44,68.17,61.25,38.52,73.86,76.59,76.07,78.89,57.48,26.04,96.0,1.22,2.11,0.94,1.25,1.55,98.74,0.0,99.06,1.25,98.17,0.03,0.0,99.06,0.0,0.27,3.72,0.0,2.9,5.69,3.76
127,2014,91,22167,82.13,82.11,43.91,84.93,57.69,23.09,95.65,89.5,114.05,89.12,63.26,20.29,16.51,3.04,2.97,1.95,4.67,4.35,96.93,0.0,98.02,4.67,95.65,0.03,0.0,98.02,0.05,0.0,3.9,0.0,3.32,6.17,3.39
128,2014,94,11916,73.67,73.67,57.3,71.08,34.22,8.03,90.09,115.92,116.34,76.82,40.08,26.42,30.77,4.88,4.59,3.8,7.24,5.33,81.94,10.69,84.86,7.24,86.27,13.17,10.69,84.86,19.09,8.4,4.64,10.69,4.28,5.62,2.64
129,2014,95,31344,56.23,56.23,26.53,54.26,43.26,20.72,67.66,51.86,74.98,71.57,48.53,29.54,15.02,2.57,2.35,2.34,3.16,2.07,97.17,1.42,97.59,3.16,97.62,0.26,1.42,97.59,0.27,0.3,1.42,1.42,1.17,2.04,1.67
130,2014,97,12699,62.82,62.82,20.97,62.37,34.17,11.1,74.25,41.77,99.52,65.62,41.31,15.28,12.61,7.86,3.18,5.99,11.83,12.07,90.0,0.0,92.42,11.83,81.57,2.14,0.0,92.42,2.68,6.36,3.2,0.0,4.11,2.09,0.86
131,2014,99,21331,74.52,74.51,34.5,74.82,36.18,14.2,84.1,83.6,118.12,62.09,36.36,17.86,49.46,5.09,3.0,3.95,8.63,5.48,88.75,2.94,88.65,8.63,89.51,6.16,2.94,88.65,4.47,5.01,1.1,2.94,0.93,1.97,0.81
132,2015,5,1262800,89.92,89.79,61.07,89.02,74.17,42.61,103.14,79.42,111.0,110.09,82.19,30.39,61.29,3.82,2.86,2.97,5.55,2.8,89.34,0.2,91.59,5.55,91.56,6.84,0.2,91.59,10.56,5.64,2.83,0.2,2.26,4.55,1.95
133,2015,8,520783,86.17,85.92,53.52,82.12,74.28,45.61,93.38,81.92,100.78,95.67,76.02,26.27,88.0,1.39,1.74,1.29,1.57,1.0,95.19,1.06,95.8,1.57,96.78,3.42,1.06,95.8,4.96,2.22,1.69,1.06,1.38,2.42,1.06
134,2015,11,1455309,82.2,81.77,59.17,78.94,74.89,50.61,88.45,73.77,89.14,94.6,81.94,27.56,98.87,3.63,3.48,2.72,4.85,3.2,96.29,0.0,97.25,4.85,96.57,0.09,0.0,97.25,0.12,0.23,9.91,0.0,6.49,16.02,7.94
135,2015,13,488886,88.78,88.69,58.5,87.33,71.05,39.34,100.18,98.61,111.11,100.44,73.44,23.02,44.94,3.01,3.16,2.54,3.75,2.69,91.5,0.78,92.85,3.75,92.34,5.49,0.78,92.85,8.15,4.97,1.83,0.78,1.74,2.46,0.92
136,2015,15,284611,83.62,83.57,63.02,80.65,74.22,48.61,93.37,82.1,92.12,101.3,85.47,25.17,22.96,2.22,1.8,1.39,3.19,2.32,93.27,0.29,95.64,3.19,93.39,4.51,0.29,95.64,7.09,4.29,2.27,0.29,1.46,3.68,2.07
137,2015,17,194108,78.9,78.86,52.47,74.53,69.24,43.55,90.19,68.31,91.54,97.76,82.41,25.44,30.69,3.67,3.66,2.7,5.07,3.1,88.13,0.8,90.65,5.07,90.57,8.2,0.8,90.65,12.14,6.34,2.18,0.8,1.55,3.58,1.65
138,2015,18,124382,73.14,73.12,43.87,72.82,54.52,23.63,85.42,75.37,99.51,82.51,60.16,22.94,14.77,4.87,4.9,4.11,6.31,4.08,91.65,0.67,92.31,6.31,93.23,3.48,0.67,92.31,4.22,2.69,1.26,0.67,1.02,1.87,1.17
139,2015,19,312453,82.21,82.21,44.7,84.42,63.04,31.28,99.04,80.51,112.85,99.32,74.71,19.12,44.93,2.17,2.12,1.31,3.43,2.46,91.64,1.03,92.86,3.43,92.05,6.19,1.03,92.86,8.17,5.48,1.23,1.03,1.24,1.6,0.68
140,2015,20,260802,95.52,95.39,61.65,92.76,73.88,38.63,109.85,109.95,126.53,104.38,78.46,26.72,39.87,4.38,5.46,3.96,5.1,3.1,90.48,1.22,91.48,5.1,92.31,5.14,1.22,91.48,7.24,4.59,1.08,1.22,1.06,1.32,0.35
141,2015,23,409982,89.54,89.5,52.58,87.47,72.18,38.97,103.33,94.22,113.14,105.16,78.72,21.09,39.12,2.26,2.83,1.78,2.9,2.05,94.51,0.62,95.55,2.9,94.32,3.23,0.62,95.55,4.59,3.63,1.79,0.62,1.95,2.05,1.1
142,2015,25,576429,90.72,90.47,55.93,86.83,80.91,50.5,100.22,83.58,102.59,108.25,86.49,19.59,32.73,3.27,3.52,2.24,4.62,2.86,93.2,0.43,95.57,4.62,93.84,3.52,0.43,95.57,5.8,3.3,2.14,0.43,1.67,3.26,1.44
143,2015,27,145625,80.48,80.48,51.99,82.2,47.3,20.35,100.91,91.24,126.13,87.89,63.56,18.79,20.15,4.78,4.27,4.36,6.31,3.02,88.35,0.34,87.49,6.31,94.07,6.87,0.34,87.49,7.41,2.91,0.29,0.34,0.3,0.34,0.12
144,2015,41,269323,87.64,87.58,58.0,87.77,74.81,40.15,99.18,80.48,107.37,105.2,76.13,26.24,38.93,5.17,4.49,3.52,7.75,4.66,87.04,0.34,90.64,7.75,87.67,7.79,0.34,90.64,12.09,7.67,1.09,0.34,0.8,1.78,0.87
145,2015,44,258207,74.12,74.08,47.17,71.58,44.62,19.8,86.61,95.91,110.96,71.23,42.18,23.7,21.9,2.29,1.96,1.96,3.25,1.91,95.83,0.4,96.11,3.25,96.79,1.88,0.4,96.11,2.52,1.3,1.42,0.4,1.29,1.84,0.64
146,2015,47,330539,93.61,93.43,64.05,87.3,69.06,35.65,108.08,143.18,118.86,103.73,71.43,22.89,40.02,3.54,3.07,3.54,3.93,2.82,93.68,1.28,93.88,3.93,94.86,2.78,1.28,93.88,3.72,2.32,1.07,1.28,1.0,1.4,0.46
147,2015,50,217437,92.19,92.14,59.32,90.32,76.35,42.26,103.88,89.88,113.25,106.12,82.14,27.52,52.9,3.3,3.39,2.68,4.35,2.57,92.08,0.1,94.23,4.35,93.46,4.62,0.1,94.23,7.94,3.97,1.1,0.1,0.78,1.94,0.55
148,2015,52,396138,73.53,73.51,39.88,71.43,56.46,29.95,88.26,69.82,95.64,94.26,67.17,21.61,30.27,1.23,0.85,0.75,1.9,1.51,96.42,0.03,97.47,1.9,95.2,2.35,0.03,97.47,3.39,3.28,1.35,0.03,1.04,2.27,0.95
149,2015,54,310611,85.89,85.84,58.03,89.27,68.7,36.24,99.27,92.26,113.58,97.55,72.75,24.33,19.12,2.66,2.9,2.07,3.53,2.54,95.75,0.15,96.86,3.53,95.35,1.59,0.15,96.86,2.55,2.11,1.31,0.15,1.08,2.0,0.85
150,2015,63,109400,81.93,81.86,44.92,74.18,76.01,48.03,94.03,70.16,89.46,108.4,88.63,28.78,15.93,5.9,5.92,4.74,7.63,4.67,88.09,0.15,91.46,7.63,88.94,6.01,0.15,91.46,9.31,6.39,1.38,0.15,1.11,2.04,1.1
151,2015,66,183900,88.12,87.94,54.05,83.32,76.6,43.22,102.5,81.12,103.21,113.61,89.46,25.65,55.42,5.05,5.0,3.67,7.2,3.83,89.03,1.38,92.49,7.2,91.0,5.92,1.38,92.49,9.64,5.18,1.52,1.38,1.28,2.36,0.73
152,2015,68,407815,94.5,94.37,59.9,94.34,82.45,47.84,105.97,94.26,112.23,111.9,85.51,26.17,25.65,3.17,4.18,2.37,4.22,2.51,91.93,0.81,94.7,4.22,92.36,4.9,0.81,94.7,8.18,5.13,1.62,0.81,1.12,2.64,1.31
153,2015,70,200001,95.8,95.74,67.38,95.0,73.13,42.25,112.16,125.56,122.33,109.59,85.64,22.7,50.39,2.65,2.96,1.98,3.54,2.59,87.04,0.97,88.13,3.54,88.57,10.31,0.97,88.13,14.27,8.84,0.61,0.97,0.69,0.55,0.23
154,2015,73,310206,85.48,85.41,51.39,83.09,71.52,42.41,96.32,82.72,104.54,98.92,77.44,25.42,27.8,3.71,4.45,3.1,4.68,2.77,89.08,0.57,90.97,4.68,91.96,7.22,0.57,90.97,10.99,5.27,0.58,0.57,0.52,0.83,0.37
155,2015,76,875476,84.44,84.26,50.96,82.63,69.59,39.64,96.74,82.24,104.4,101.13,77.2,22.38,43.1,2.78,3.07,2.24,3.63,2.31,91.04,0.69,93.14,3.63,92.71,6.18,0.69,93.14,9.7,4.99,0.92,0.69,0.72,1.44,0.6
156,2015,81,75107,72.88,72.84,46.47,71.95,55.91,28.37,82.95,82.65,91.52,82.64,59.76,20.22,37.55,3.51,3.17,2.82,4.84,3.28,96.29,0.0,97.18,4.84,95.64,0.2,0.0,97.18,0.34,1.08,2.27,0.0,1.92,3.47,1.92
157,2015,85,87417,102.43,102.39,70.61,102.0,83.12,46.95,115.06,102.31,123.5,119.57,90.97,25.71,20.3,3.75,4.13,3.04,5.04,2.59,88.89,0.42,91.59,5.04,92.06,7.36,0.42,91.59,12.39,5.35,1.21,0.42,1.01,1.84,0.69
158,2015,86,91874,76.71,76.7,35.59,75.52,63.09,29.54,88.74,72.48,95.92,94.84,66.7,27.77,25.27,5.26,6.29,4.45,6.46,4.3,89.23,0.34,91.54,6.46,90.31,5.51,0.34,91.54,8.75,5.39,0.85,0.34,0.74,1.2,0.82
159,2015,88,15265,67.34,67.3,52.34,67.37,60.42,39.01,72.67,69.1,76.07,76.45,58.81,25.8,83.33,0.63,0.29,0.4,1.01,0.7,95.92,0.15,97.57,1.01,96.21,3.44,0.15,97.57,6.26,3.08,2.16,0.15,1.83,3.24,1.48
160,2015,91,22212,81.49,81.46,40.65,82.75,59.41,26.52,95.76,79.35,111.01,94.27,67.01,20.13,16.36,4.76,4.54,2.53,8.0,6.69,89.23,0.27,90.55,8.0,88.52,6.01,0.27,90.55,6.27,4.79,1.65,0.27,2.02,1.39,1.34
161,2015,94,11913,75.3,75.3,53.21,72.75,35.9,8.16,93.44,117.02,117.23,85.78,38.1,26.15,24.44,7.64,6.62,6.39,10.59,7.61,75.4,11.32,76.19,10.59,76.32,16.96,11.32,76.19,18.55,16.07,2.12,11.32,2.24,1.89,0.0
162,2015,95,31553,54.91,54.9,27.32,54.02,40.88,19.45,65.9,53.93,72.87,68.61,47.72,27.73,24.08,4.7,4.68,3.79,6.48,3.72,87.99,2.7,89.92,6.48,90.06,7.31,2.7,89.92,10.45,6.22,1.21,2.7,0.9,2.05,0.94
163,2015,97,12684,64.08,64.08,20.27,64.42,35.56,11.59,76.58,44.34,101.51,68.79,42.91,14.69,24.58,8.08,6.79,7.73,9.66,5.86,78.38,5.79,77.15,9.66,85.74,13.54,5.79,77.15,12.93,8.4,3.49,5.79,4.08,3.37,0.16
164,2015,99,21644,76.82,76.81,39.63,79.35,34.6,14.94,87.09,86.64,123.64,62.26,38.02,14.63,41.62,9.23,10.14,8.15,12.15,7.96,76.94,1.62,75.5,12.15,84.8,13.82,1.62,75.5,13.39,7.24,0.88,1.62,0.82,1.11,1.33
165,2016,5,1265147,88.2,88.08,56.51,86.84,73.59,43.42,101.72,75.25,108.88,109.04,82.86,30588.0,26.18,4.47,3.58,3.42,6.46,3.38,88.4,0.17,90.66,6.46,90.97,7.13,0.17,90.66,10.63,5.66,3.02,0.17,3.04,4.12,1.16
166,2016,8,519509,89.7,89.35,53.37,85.78,75.45,50.37,98.02,84.58,105.21,99.77,83.3,27781.0,95.39,2.13,2.91,2.07,2.28,1.5,94.42,1.16,94.98,2.28,96.06,3.44,1.16,94.98,4.89,2.44,1.23,1.16,1.21,1.52,0.52
167,2016,11,1453283,80.7,80.26,56.39,79.04,72.6,49.73,87.29,71.28,88.8,92.09,82.07,27281.0,97.65,2.08,2.17,1.57,2.69,2.02,97.55,0.0,98.39,2.69,95.98,0.37,0.0,98.39,0.17,2.0,3.73,0.0,2.92,6.01,2.09
168,2016,13,487274,89.5,89.41,56.28,88.01,70.99,42.55,101.18,97.89,112.11,101.25,75.56,24543.0,48.21,2.97,3.58,2.45,3.71,2.48,91.68,0.77,93.07,3.71,92.44,5.35,0.77,93.07,7.89,5.07,2.16,0.77,2.22,2.66,1.07
169,2016,15,279627,83.8,83.7,60.62,81.48,74.7,50.36,96.0,79.49,98.11,101.39,87.69,24765.0,26.86,2.46,2.01,1.47,3.7,2.33,93.5,0.21,95.82,3.7,93.76,4.04,0.21,95.82,6.28,3.91,2.18,0.21,1.66,3.49,1.12
170,2016,17,192703,77.4,77.4,50.21,72.48,69.4,43.8,88.86,66.21,89.26,97.77,81.13,25336.0,35.58,4.28,4.38,3.14,5.91,3.44,89.16,0.51,91.27,5.91,91.85,6.56,0.51,91.27,9.42,4.72,2.16,0.51,1.78,3.2,1.33
171,2016,18,124296,75.4,75.36,46.75,74.9,54.99,24.68,88.13,79.44,102.24,83.9,64.97,26515.0,11.9,6.88,7.22,5.92,8.78,5.29,91.69,0.18,92.88,8.78,92.55,1.43,0.18,92.88,1.96,2.16,2.2,0.18,2.16,2.97,1.0
172,2016,19,307989,83.9,83.84,48.41,85.12,65.49,33.56,100.22,84.06,112.56,102.27,74.83,20246.0,51.52,2.84,2.57,1.85,4.25,3.3,91.42,0.98,92.44,4.25,91.52,5.73,0.98,92.44,7.05,5.19,1.22,0.98,1.06,1.78,0.8
173,2016,20,259794,97.6,97.44,58.68,95.6,75.01,42.61,110.73,111.77,124.98,105.99,83.48,27664.0,39.68,5.07,6.94,4.77,5.63,3.01,89.53,2.27,90.23,5.63,92.48,5.4,2.27,90.23,7.1,4.52,1.19,2.27,1.18,1.45,0.5
174,2016,23,411715,90.3,90.28,50.99,87.49,72.53,42.42,104.35,93.94,114.23,104.42,83.77,21791.0,47.41,3.03,3.4,2.27,4.02,3.07,93.6,0.61,95.0,4.02,93.2,3.37,0.61,95.0,4.86,3.73,3.75,0.61,3.81,4.38,1.87
175,2016,25,577612,91.2,90.9,56.31,88.25,80.47,50.92,101.15,83.89,103.6,108.7,88.49,19579.0,34.84,3.68,4.02,2.68,5.05,3.06,93.27,0.54,95.3,5.05,94.38,3.05,0.54,95.3,4.97,2.56,2.4,0.54,1.86,3.71,1.46
176,2016,27,145596,79.8,79.85,49.12,81.51,48.05,22.34,96.88,86.92,122.4,83.45,59.64,22587.0,38.49,3.58,3.94,3.24,4.37,2.77,87.44,0.34,87.18,4.37,92.38,8.98,0.34,87.18,11.56,4.85,1.94,0.34,2.7,1.28,0.4
177,2016,41,268744,85.9,85.84,56.87,86.07,73.0,40.51,96.84,80.43,103.87,102.15,76.86,25.34,26.44,5.23,4.29,3.75,7.76,4.39,85.82,0.4,89.7,7.76,87.23,8.94,0.4,89.7,14.28,8.38,4.35,0.4,4.14,6.01,2.46
178,2016,44,264785,75.7,75.59,48.47,72.88,45.95,20.57,88.3,101.54,111.46,74.15,42.65,23.92,22.3,4.62,3.83,5.06,4.46,2.76,93.5,0.6,93.09,4.46,96.0,1.89,0.6,93.09,2.67,1.24,4.5,0.6,4.59,5.3,1.47
179,2016,47,329234,92.5,92.33,58.96,85.37,68.74,37.96,108.24,129.28,117.94,106.98,75.5,23.34,54.03,3.2,3.59,3.16,3.4,2.35,94.31,0.43,94.66,3.4,95.66,2.49,0.43,94.66,3.71,1.99,5.31,0.43,4.83,4.38,1.4
180,2016,50,219565,92.4,92.28,56.26,90.78,77.27,43.97,104.73,87.44,114.32,106.25,85.56,27421.0,51.73,5.35,6.58,4.24,7.02,4.06,89.08,0.18,91.88,7.02,90.73,5.57,0.18,91.88,9.22,5.21,0.86,0.18,0.84,1.23,0.25
181,2016,52,394574,71.1,71.13,38.56,68.32,56.56,29.8,83.28,67.99,91.57,86.98,63.11,21151.0,32.91,1.67,0.8,1.0,2.61,2.22,96.44,0.04,97.71,2.61,95.86,1.89,0.04,97.71,3.07,1.92,2.64,0.04,2.36,3.79,1.34
182,2016,54,307238,88.6,88.51,58.43,92.31,70.9,38.0,101.66,92.73,115.55,100.97,74.99,26773.0,31.35,4.84,5.4,3.89,6.51,3.7,91.24,0.26,93.44,6.51,91.76,3.91,0.26,93.44,6.45,4.55,1.85,0.26,1.57,2.69,1.25
183,2016,63,108652,79.8,79.74,46.06,72.4,75.16,49.3,91.75,69.15,86.34,104.45,91.22,27934.0,47.77,6.18,6.37,4.97,7.99,4.87,87.41,0.29,90.59,7.99,89.37,6.41,0.29,90.59,9.89,5.76,1.13,0.29,0.8,1.83,0.7
184,2016,66,182345,87.4,87.16,54.74,82.95,76.03,44.93,102.31,80.97,104.31,110.1,92.6,25753.0,52.11,4.67,5.37,3.35,6.6,3.51,89.54,1.38,92.56,6.6,91.03,5.79,1.38,92.56,8.91,5.46,1.09,1.38,0.89,1.69,0.51
185,2016,68,402820,95.2,95.0,59.67,94.75,83.0,50.45,106.47,95.39,111.42,112.12,89.14,24887.0,32.65,3.97,5.1,3.17,5.17,2.76,89.89,0.52,92.98,5.17,91.08,6.14,0.52,92.98,10.22,6.15,2.48,0.52,1.96,3.9,1.27
186,2016,70,198817,96.8,96.72,64.46,96.01,74.19,44.8,111.51,127.26,122.12,107.39,85.64,23034.0,55.54,2.95,3.14,2.34,3.97,2.27,87.41,1.44,88.95,3.97,89.5,9.64,1.44,88.95,13.93,8.23,0.47,1.44,0.48,0.57,0.32
187,2016,73,306395,84.7,84.59,49.33,82.47,71.2,44.23,95.33,79.58,101.85,98.73,80.13,25322.0,40.63,3.7,4.02,2.97,4.91,2.8,89.31,0.7,91.64,4.91,91.1,6.98,0.7,91.64,10.67,6.1,0.61,0.7,0.6,0.82,0.25
188,2016,76,873706,81.4,81.23,47.12,78.38,69.91,41.43,93.81,74.23,98.31,100.53,79.48,24647.0,63.06,4.34,4.81,3.56,5.49,3.5,88.72,0.64,91.33,5.49,90.79,6.94,0.64,91.33,10.69,5.71,1.29,0.64,1.24,1.7,0.54
189,2016,81,75185,74.0,73.95,45.72,73.41,56.6,30.26,85.37,81.85,96.01,83.0,63.17,20236.0,13.29,3.72,4.45,2.99,4.75,3.61,96.28,0.0,97.01,4.75,96.37,0.0,0.0,97.01,0.0,0.02,3.44,0.0,2.49,5.99,2.3
190,2016,85,88003,100.2,100.18,67.4,99.15,82.2,47.43,111.65,95.63,119.7,117.25,87.96,24825.0,38.42,4.21,4.01,3.59,5.62,2.7,90.23,0.21,92.86,5.62,92.34,5.56,0.21,92.86,9.7,4.96,4.03,0.21,3.7,5.89,1.41
191,2016,86,91441,76.1,76.09,34.27,73.99,64.26,32.65,87.8,70.36,92.53,95.51,69.27,26859.0,16.08,7.53,7.57,6.66,9.18,5.91,86.13,0.23,88.75,9.18,88.1,6.34,0.23,88.75,10.06,6.0,2.56,0.23,2.34,3.55,1.1
192,2016,88,15167,68.2,68.15,46.9,70.28,60.46,38.67,73.81,64.84,80.67,76.08,57.06,25.96,79.17,2.26,1.09,2.3,2.66,1.62,97.73,0.0,97.7,2.66,98.29,0.01,0.0,97.7,0.0,0.1,2.47,0.0,1.99,3.71,2.38
193,2016,91,22243,81.4,81.35,45.44,80.27,59.77,26.64,96.12,84.42,108.78,96.16,68.38,21218.0,26.61,5.06,5.23,2.75,8.49,5.96,89.11,0.32,91.28,8.49,88.25,5.83,0.32,91.28,7.05,5.79,6.61,0.32,7.5,7.17,4.14
194,2016,94,11935,77.6,77.64,58.82,75.91,35.5,9.01,95.79,120.45,117.88,89.33,41.23,26299.0,18.89,8.21,9.63,6.64,11.16,6.0,74.85,7.67,77.2,11.16,81.24,16.94,7.67,77.2,23.19,12.77,1.9,7.67,1.68,1.8,0.58
195,2016,95,31671,54.8,54.83,25.99,53.38,41.52,21.19,65.4,52.76,72.05,68.69,47.23,27866.0,19.75,4.7,5.32,3.59,6.47,4.45,89.19,0.51,91.48,6.47,88.88,6.11,0.51,91.48,9.3,6.67,2.85,0.51,2.18,4.57,2.22
196,2016,97,12654,64.2,64.17,23.91,63.33,38.09,12.67,76.78,47.3,96.43,73.94,45.46,14.21,25.66,6.6,6.37,4.97,10.15,5.11,83.11,0.19,82.91,10.15,87.84,10.29,0.19,82.91,9.56,7.06,3.02,0.19,3.26,3.2,1.8
197,2016,99,21951,77.8,77.78,41.52,80.09,34.58,14.69,87.9,84.46,125.36,63.17,37.3,17248.0,41.58,8.16,10.14,7.71,9.09,6.22,78.03,1.8,75.21,9.09,88.22,13.81,1.8,75.21,11.53,5.57,3.26,1.8,3.79,2.88,1.21
198,2017,5,1270105,86.1,86.0,56.58,83.3,73.93,42.85,98.15,74.91,101.94,107.54,81.77,31728.0,32.85,4.15,3.56,3.28,5.69,3.39,88.68,0.19,90.8,5.69,90.95,7.16,0.19,90.8,10.64,5.66,6.52,0.19,6.31,8.94,2.97
199,2017,8,518257,91.1,90.72,58.52,87.59,76.65,50.84,99.32,89.0,105.29,100.94,86.39,32237.0,92.5,1.28,2.03,1.23,1.32,0.96,94.18,1.12,94.92,1.32,95.82,4.54,1.12,94.92,6.59,3.22,1.11,1.12,1.21,1.27,0.36
200,2017,11,1452849,79.9,79.45,54.62,78.53,71.47,49.3,86.62,70.52,88.19,90.72,82.66,31843.0,98.76,1.62,2.21,1.31,1.9,1.55,97.29,0.04,98.04,1.9,96.18,1.09,0.04,98.04,1.36,2.27,0.14,0.04,0.14,0.2,0.06
201,2017,13,486067,90.7,90.58,62.87,88.22,72.96,43.18,102.17,103.58,111.35,102.87,77.19,25846.0,39.17,2.65,3.37,2.24,3.15,2.32,91.16,0.96,91.98,3.15,92.14,6.19,0.96,91.98,8.38,5.54,4.4,0.96,4.22,5.51,2.26
202,2017,15,275027,83.5,83.48,60.66,81.41,75.23,50.1,94.76,79.16,95.16,101.38,87.74,27697.0,27.23,2.15,3.55,1.27,2.86,2.22,92.61,0.22,95.56,2.86,92.83,5.25,0.22,95.56,8.65,4.95,2.3,0.22,1.65,3.69,1.55
203,2017,17,191444,75.8,75.72,51.76,70.11,68.71,43.06,86.35,64.93,85.32,96.88,78.29,26938.0,37.97,3.47,3.67,2.54,4.67,3.0,89.46,0.44,91.85,4.67,91.15,7.07,0.44,91.85,10.31,5.85,3.08,0.44,2.38,4.75,1.88
204,2017,18,124222,74.4,74.37,46.49,73.67,56.11,24.84,88.1,77.13,99.8,84.33,71.42,28152.0,8.3,6.73,7.23,5.81,8.31,5.84,90.51,0.4,91.64,8.31,91.52,2.76,0.4,91.64,3.75,2.64,3.43,0.4,3.66,4.05,1.62
205,2017,19,303777,83.3,83.32,49.93,84.53,67.01,34.06,99.31,85.1,109.32,102.37,76.47,20127.0,32.01,2.76,2.36,1.74,4.07,3.55,90.66,1.21,92.21,4.07,90.74,6.59,1.21,92.21,8.91,5.71,1.26,1.21,0.99,1.96,0.97
206,2017,20,259051,99.1,98.92,63.89,96.33,77.05,43.61,111.18,114.87,126.38,106.38,80.18,30738.0,26.42,3.98,5.52,3.67,4.45,2.57,90.56,1.05,91.46,4.45,91.8,5.46,1.05,91.46,7.49,5.63,0.92,1.05,0.94,1.08,0.35
207,2017,23,413883,88.8,88.72,53.75,84.35,73.01,42.2,101.31,96.9,108.19,102.8,82.44,21514.0,37.99,3.03,3.33,2.15,4.08,3.32,93.23,0.52,94.67,4.08,92.83,3.75,0.52,94.67,5.34,3.85,3.29,0.52,3.26,4.08,2.03
208,2017,25,579364,91.8,91.56,57.22,89.27,81.65,51.57,101.72,83.77,103.74,109.61,89.86,20136.0,29.04,2.57,3.25,1.84,3.42,2.3,94.05,0.54,95.79,3.42,94.57,3.37,0.54,95.79,5.22,3.13,2.43,0.54,1.92,3.67,1.54
209,2017,27,145765,79.2,79.19,54.05,80.16,48.97,22.19,95.51,92.22,116.7,84.13,62.24,23395.0,36.32,2.38,2.99,1.96,3.15,1.97,88.49,0.28,88.14,3.15,92.68,9.14,0.28,88.14,11.68,5.35,2.23,0.28,3.14,1.39,0.38
210,2017,41,268582,85.3,85.17,62.02,84.05,73.08,40.14,95.17,85.56,99.64,101.08,76.94,28256.0,25.76,4.14,3.32,2.75,6.4,3.52,86.57,0.37,90.65,6.4,87.98,9.3,0.37,90.65,15.26,8.49,3.32,0.37,2.75,5.01,2.47
211,2017,44,271221,75.5,75.44,51.71,72.96,46.92,20.69,86.51,96.19,106.9,75.48,44.75,25.73,8.3,2.98,4.11,2.44,3.72,2.59,93.92,0.38,94.19,3.72,95.6,3.1,0.38,94.19,3.92,1.82,4.85,0.38,5.3,5.24,1.59
212,2017,47,327940,93.6,93.3,57.03,87.81,70.05,39.23,109.39,116.26,120.26,109.11,78.91,26.88,49.71,2.57,3.46,2.48,2.66,1.88,94.62,0.82,94.31,2.66,95.94,2.8,0.82,94.31,3.0,2.18,2.52,0.82,2.61,2.39,1.0
213,2017,50,221844,90.9,90.88,56.86,88.87,76.9,43.9,102.17,85.35,108.98,105.72,85.89,31086.0,25.83,4.2,4.56,3.52,5.33,3.31,90.81,0.11,92.7,5.33,92.4,4.99,0.11,92.7,7.92,4.29,1.04,0.11,0.88,1.63,0.49
214,2017,52,393195,70.2,70.16,37.49,66.68,57.45,29.86,83.3,64.48,91.31,87.85,63.93,20998.0,28.1,1.4,1.18,0.97,1.91,1.77,95.82,0.38,96.65,1.91,96.19,2.78,0.38,96.65,3.99,2.04,3.17,0.38,2.79,4.47,1.91
215,2017,54,304148,90.4,90.3,61.33,92.97,73.65,39.83,105.26,91.67,114.6,107.8,84.94,30323.0,30.44,3.6,4.12,2.73,4.81,3.54,91.86,1.17,94.38,4.81,91.44,4.54,1.17,94.38,7.58,5.02,1.24,1.17,1.2,1.7,0.54
216,2017,63,108156,77.8,77.69,45.43,70.86,72.73,48.18,88.57,67.87,83.78,100.76,86.77,29872.0,22.94,4.92,5.16,3.97,6.28,4.0,88.68,0.27,91.48,6.28,90.09,6.4,0.27,91.48,9.69,5.91,0.8,0.27,0.56,1.39,0.3
217,2017,66,181154,86.8,86.62,55.57,82.04,75.63,45.42,100.7,81.59,100.14,110.16,92.84,27947.0,40.26,4.82,5.84,3.74,6.39,3.59,89.34,0.77,92.19,6.39,92.05,5.84,0.77,92.19,9.59,4.36,2.4,0.77,2.14,3.42,1.27
218,2017,68,398621,96.5,96.33,63.75,95.04,85.29,51.23,107.72,99.08,110.6,114.29,92.22,29433.0,32.01,2.67,3.74,1.97,3.37,2.51,91.27,0.46,93.96,3.37,91.61,6.07,0.46,93.96,9.87,5.88,2.41,0.46,1.92,3.75,1.34
219,2017,70,197947,97.3,97.2,69.67,95.21,76.17,44.05,111.79,131.46,121.05,109.2,84.12,23538.0,44.38,2.7,3.26,2.17,3.4,2.29,87.86,0.73,88.89,3.4,89.32,9.43,0.73,88.89,13.18,8.39,1.06,0.73,0.98,1.52,0.63
220,2017,73,303140,84.0,83.91,50.6,81.39,71.88,43.79,94.39,77.3,99.77,99.37,79.47,27924.0,23.91,2.93,3.53,2.45,3.65,2.25,90.06,0.49,92.31,3.65,91.91,7.01,0.49,92.31,10.98,5.84,0.73,0.49,0.72,0.99,0.34
221,2017,76,873860,80.4,80.21,49.95,76.38,71.03,40.74,91.94,75.77,93.77,100.98,77.74,28.88,47.05,3.71,4.24,3.11,4.48,3.24,89.59,0.84,91.59,4.48,91.98,6.7,0.84,91.59,10.03,4.78,1.45,0.84,1.35,1.93,0.78
222,2017,81,75197,75.0,75.02,47.31,73.96,58.4,30.87,86.6,83.24,97.04,85.63,62.25,21767.0,35.81,3.63,3.9,3.28,4.23,3.21,96.31,0.0,96.72,4.23,96.07,0.07,0.0,96.72,0.0,0.73,7.17,0.0,6.85,9.05,3.68
223,2017,85,88626,97.8,97.72,71.03,96.81,81.76,46.06,112.68,101.07,122.93,115.8,86.31,26656.0,15.69,2.68,2.98,2.19,3.38,2.31,92.41,0.08,94.05,3.38,93.71,4.91,0.08,94.05,7.89,3.98,2.09,0.08,1.73,3.25,1.38
224,2017,86,91161,75.2,75.24,39.01,71.89,63.92,33.63,88.54,75.55,93.0,93.8,73.4,27.3,16.36,5.74,5.74,4.07,7.98,5.7,88.12,0.2,91.11,7.98,89.11,6.14,0.2,91.11,9.53,5.19,2.65,0.2,2.31,3.89,1.68
225,2017,88,15106,67.8,67.64,51.18,67.84,59.69,37.76,72.38,67.06,77.72,75.58,55.57,27407.0,79.17,1.15,0.75,1.29,1.13,0.9,97.88,0.0,98.09,1.13,98.6,0.97,0.0,98.09,1.82,0.5,2.04,0.0,1.22,3.75,0.8
226,2017,91,22269,83.6,82.1,48.95,80.56,60.67,30.05,96.56,92.62,108.0,94.3,72.21,20971.0,16.5,4.88,6.38,3.06,6.98,6.23,87.45,0.91,90.04,6.98,86.58,7.67,0.91,90.04,11.01,7.19,5.96,0.91,7.06,6.05,2.42
227,2017,94,11965,80.0,79.98,59.6,78.83,36.62,8.82,97.94,114.71,123.49,89.36,42.1,25747.0,16.67,7.68,9.35,6.14,10.36,6.97,76.79,7.92,78.42,10.36,79.66,15.53,7.92,78.42,19.29,13.37,3.13,7.92,3.35,3.28,0.38
228,2017,95,31876,55.0,55.02,25.67,53.29,43.54,21.57,67.6,48.69,75.31,71.0,49.66,30.37,14.94,4.34,6.13,3.53,5.33,4.0,94.39,0.0,94.71,5.33,94.69,1.27,0.0,94.71,0.76,1.31,2.86,0.0,2.17,4.77,1.69
229,2017,97,12668,66.5,65.38,23.37,65.39,39.27,14.03,78.29,45.08,99.3,74.08,48.28,14709.0,13.39,8.0,8.77,6.05,11.69,7.85,80.89,0.58,79.81,11.69,84.99,11.12,0.58,79.81,8.21,7.15,3.16,0.58,3.57,3.38,0.98
230,2017,99,22282,77.9,77.93,46.15,79.59,33.87,14.91,92.69,89.56,134.58,64.13,37.4,21875.0,37.7,8.65,9.47,7.97,10.48,7.4,76.3,0.63,72.75,10.48,85.12,15.05,0.63,72.75,11.3,7.49,11.73,0.63,13.39,11.82,3.74
231,2018,5,1147598,84.72,94.11,67.98,91.89,81.29,43.83,108.39,87.84,113.99,118.58,85.46,,,3.97,3.43,3.18,5.42,2.84,89.13,0.19,91.0,5.42,91.76,6.91,0.19,91.0,10.05,5.41,3.13,0.19,3.14,4.22,1.29
232,2018,8,521630,92.53,91.34,61.54,89.02,76.55,49.27,99.81,93.11,106.13,101.18,85.05,,,1.55,2.24,1.49,1.65,1.09,93.57,1.92,94.11,1.65,95.45,4.88,1.92,94.11,6.6,3.46,0.74,1.92,0.78,0.85,0.27
233,2018,11,1179282,78.71,96.51,70.65,97.81,85.97,56.01,105.2,90.75,110.39,108.9,93.18,,,1.65,1.9,1.35,2.01,1.53,98.02,0.0,98.65,2.01,96.32,0.33,0.0,98.65,0.07,2.15,0.33,0.0,0.24,0.57,0.21
234,2018,13,455784,92.71,98.6,69.74,97.25,79.38,44.17,112.48,113.41,124.42,112.82,82.2,,,2.75,3.65,2.35,3.19,2.4,90.31,0.86,91.26,3.19,91.04,6.93,0.86,91.26,9.43,6.56,3.82,0.86,3.88,4.43,2.05
235,2018,15,234116,83.54,96.54,70.66,92.85,89.25,57.96,106.84,93.36,106.31,115.66,97.02,,,2.07,1.88,1.28,2.99,2.07,92.59,0.26,95.4,2.99,92.75,5.34,0.26,95.4,8.54,5.18,1.69,0.26,1.37,2.59,1.01
236,2018,17,162391,74.38,87.08,65.68,83.01,77.81,45.19,99.49,83.13,100.85,110.68,82.52,,,2.96,2.99,2.21,3.88,2.67,90.77,0.71,92.8,3.88,92.55,6.27,0.71,92.8,9.2,4.78,3.35,0.71,2.85,4.92,1.86
237,2018,18,98639,73.14,92.04,59.17,90.89,69.46,32.22,107.89,96.56,120.71,104.71,87.01,,,5.5,6.54,4.61,6.91,4.51,92.62,0.42,93.8,6.91,93.06,1.88,0.42,93.8,2.57,2.43,2.52,0.42,2.51,3.36,1.37
238,2018,19,301714,83.72,83.17,55.16,84.55,66.21,33.58,100.03,92.72,108.43,103.6,77.45,,,2.58,2.25,1.72,3.77,2.89,90.33,0.92,91.4,3.77,91.0,7.09,0.92,91.4,9.16,6.11,0.97,0.92,0.81,1.52,0.43
239,2018,20,288411,101.41,90.73,58.81,87.8,71.27,39.94,101.99,103.52,113.9,99.55,75.09,,,3.98,5.24,3.73,4.45,2.51,90.35,0.87,91.51,4.45,91.94,5.68,0.87,91.51,8.28,5.56,1.24,0.87,1.06,1.7,0.8
240,2018,23,386239,87.95,94.72,58.31,90.71,78.21,43.56,108.32,104.29,115.57,111.83,85.17,,,2.23,2.99,1.62,2.9,2.15,93.81,0.58,95.03,2.9,93.2,3.96,0.58,95.03,5.39,4.65,2.89,0.58,2.97,3.45,1.54
241,2018,25,547875,92.49,97.91,67.0,98.58,86.4,50.34,108.72,97.31,114.0,115.94,88.18,,,2.89,3.59,2.09,3.89,2.33,92.11,0.74,94.56,3.89,92.64,5.0,0.74,94.56,7.8,5.03,2.11,0.74,1.6,3.34,1.14
242,2018,27,143975,79.81,80.95,55.99,81.74,51.12,23.21,98.11,96.95,119.23,85.85,67.01,,,3.16,3.5,2.62,4.2,2.85,87.71,0.06,87.62,4.2,91.67,9.13,0.06,87.62,11.98,5.48,1.29,0.06,1.91,0.72,0.24
243,2018,41,242238,85.04,94.28,70.97,92.4,81.28,44.75,106.28,99.63,111.57,112.77,83.25,,,4.21,3.38,2.76,6.5,3.71,86.1,0.28,90.22,6.5,87.17,9.69,0.28,90.22,15.7,9.11,2.63,0.28,2.49,3.78,1.27
244,2018,44,237991,77.72,90.55,66.37,90.09,56.54,23.25,103.72,115.1,129.69,91.59,51.38,,,2.77,3.6,2.45,3.37,1.6,93.01,0.52,92.72,3.37,94.96,4.22,0.52,92.72,4.58,3.44,4.75,0.52,5.79,4.1,1.29
245,2018,47,317652,95.21,97.69,62.36,91.7,73.92,40.66,115.66,118.54,125.19,117.16,86.63,,,3.26,3.63,2.93,3.7,2.94,93.58,0.66,94.09,3.7,94.38,3.15,0.66,94.09,4.19,2.67,1.7,0.66,1.71,1.96,0.65
246,2018,50,218707,90.3,92.51,65.24,91.04,78.31,43.29,104.13,93.06,111.08,108.07,84.91,,,4.47,5.8,3.53,5.75,3.52,89.65,0.15,92.43,5.75,91.3,5.88,0.15,92.43,9.72,5.18,0.89,0.15,0.69,1.43,0.54
247,2018,52,314579,67.88,84.54,49.04,81.82,69.66,35.6,98.98,79.38,107.7,105.88,74.99,,,1.34,0.92,0.79,2.12,1.38,95.42,0.56,96.33,2.12,96.07,3.24,0.56,96.33,4.44,2.55,2.94,0.56,2.55,4.29,1.52
248,2018,54,307526,93.58,91.62,65.88,91.76,74.5,40.56,106.28,96.89,112.39,110.57,87.61,,,3.95,4.92,3.36,4.7,3.49,90.55,0.4,92.65,4.7,90.17,5.5,0.4,92.65,8.6,6.34,1.41,0.4,1.35,1.94,0.81
249,2018,63,83383,76.15,98.35,67.93,95.26,89.06,54.66,110.83,97.88,111.74,122.46,93.1,,,4.17,4.71,3.18,5.39,3.45,89.17,0.43,92.3,5.39,90.52,6.67,0.43,92.3,10.27,6.02,1.08,0.43,0.86,1.66,0.63
250,2018,66,157477,86.17,98.4,69.6,96.23,84.42,49.19,114.09,99.71,116.3,123.34,98.13,,,4.23,4.81,3.41,5.53,2.96,88.74,0.96,91.34,5.53,91.25,7.04,0.96,91.34,10.79,5.79,0.76,0.96,0.82,0.96,0.3
251,2018,68,401463,97.79,96.06,67.51,94.88,83.83,49.63,108.08,101.94,111.16,113.07,94.05,,,3.2,4.24,2.41,4.1,2.7,89.46,0.45,93.15,4.1,89.96,7.34,0.45,93.15,12.29,7.35,1.73,0.45,1.43,2.71,0.71
252,2018,70,201443,98.08,95.99,72.16,95.33,75.31,41.67,110.42,132.2,121.35,107.2,80.24,,,2.78,3.42,2.16,3.62,2.24,87.36,1.33,88.93,3.62,89.03,9.86,1.33,88.93,14.13,8.73,1.28,1.33,1.28,1.73,0.77
253,2018,73,255496,83.88,98.54,72.09,98.2,83.51,46.72,110.66,104.33,120.25,115.05,83.85,,,3.02,3.54,2.37,3.89,2.48,90.56,0.35,92.92,3.89,92.04,6.42,0.35,92.92,10.05,5.48,0.84,0.35,0.84,1.11,0.41
254,2018,76,861316,79.27,80.36,53.98,76.19,71.45,40.2,91.87,78.67,92.92,101.16,77.31,,,3.26,3.83,2.74,3.99,2.49,89.22,0.5,91.63,3.99,91.17,7.52,0.5,91.63,11.36,6.34,1.1,0.5,1.06,1.44,0.59
255,2018,81,60962,77.02,94.93,61.66,93.81,74.65,36.66,112.21,103.46,129.12,110.95,76.73,,,2.63,2.83,2.21,3.32,2.35,97.29,0.0,97.79,3.32,96.8,0.08,0.0,97.79,0.0,0.86,4.46,0.0,4.08,6.53,1.91
256,2018,85,92859,96.81,93.05,71.43,91.01,78.86,44.09,104.3,96.28,108.97,111.24,83.02,,,2.69,3.08,2.12,3.47,2.31,90.77,0.57,93.26,3.47,92.33,6.54,0.57,93.26,10.81,5.36,2.0,0.57,2.01,2.84,0.63
257,2018,86,80972,75.0,84.28,45.66,80.71,71.04,36.59,96.55,84.08,101.34,104.24,75.88,,,5.21,4.86,3.59,7.37,5.27,86.88,0.68,90.49,7.37,87.1,7.9,0.68,90.49,12.04,7.63,2.15,0.68,1.78,3.24,1.24
258,2018,88,10853,67.34,93.4,68.69,92.96,84.23,50.9,99.93,92.31,105.6,108.41,73.04,,,1.97,1.61,2.47,1.8,0.71,93.79,0.0,94.93,1.8,95.51,4.25,0.0,94.93,7.5,3.78,2.31,0.0,2.21,3.35,0.51
259,2018,91,22257,81.13,81.46,45.99,78.33,61.51,31.51,95.04,83.23,103.7,96.52,73.54,,,4.87,5.31,3.09,7.18,6.02,91.17,0.07,91.95,7.18,89.98,3.96,0.07,91.95,3.36,4.0,4.12,0.07,4.55,4.61,1.49
260,2018,94,15766,81.64,62.28,46.4,61.95,28.93,6.79,77.05,83.26,96.08,68.66,38.72,,,7.14,9.88,5.53,9.82,5.47,77.64,5.25,77.82,9.82,85.69,15.22,5.25,77.82,17.34,8.84,5.08,5.25,5.91,4.1,2.09
261,2018,95,21118,55.7,84.61,42.44,82.1,66.5,31.14,105.08,75.29,122.45,106.43,73.13,,,3.36,4.01,2.58,4.63,2.63,87.78,1.44,90.49,4.63,88.75,8.86,1.44,90.49,13.59,8.62,3.46,1.44,3.46,4.47,1.75
262,2018,97,15363,61.64,50.79,22.82,51.12,30.54,11.35,59.79,37.18,74.44,55.61,39.76,,,3.88,4.93,3.13,4.93,4.65,85.38,1.64,85.37,4.93,85.44,10.74,1.64,85.37,11.22,9.91,2.26,1.64,2.58,2.33,0.75
263,2018,99,32951,78.13,53.74,30.74,56.68,24.06,9.36,61.92,53.68,90.98,43.77,24.53,,,7.14,7.39,6.52,8.99,5.97,75.25,0.0,70.72,8.99,88.06,17.6,0.0,70.72,12.3,5.97,5.62,0.0,7.28,3.63,1.01
264,2019,5,1149985,94.0,93.83,67.86,90.24,82.6,45.04,107.57,87.63,109.35,120.21,88.35,,,4.02,3.73,3.29,5.33,2.95,88.38,0.18,90.73,5.33,91.37,7.59,0.18,90.73,11.56,5.68,3.19,0.18,2.92,4.65,1.37
265,2019,8,533666,92.07,91.69,62.69,89.36,76.94,48.95,100.2,94.31,106.54,102.06,84.0,,,1.26,1.72,1.28,1.26,0.9,92.91,1.26,93.88,1.26,94.78,5.83,1.26,93.88,8.63,4.32,1.0,1.26,1.06,1.18,0.42
266,2019,11,1181531,96.82,96.3,69.11,96.22,87.52,55.49,104.93,88.1,108.98,110.95,92.09,,,1.6,2.12,1.38,1.82,1.41,97.5,0.03,98.08,1.82,96.25,0.9,0.03,98.08,0.98,2.34,2.62,0.03,2.26,3.98,1.44
267,2019,13,461988,99.44,99.33,67.67,97.81,80.64,45.43,112.39,110.17,120.35,116.94,84.78,,,2.99,4.01,2.63,3.42,2.38,90.5,0.82,91.67,3.42,91.58,6.51,0.82,91.67,9.25,6.04,3.59,0.82,3.52,4.74,2.07
268,2019,15,234368,96.6,96.51,69.07,92.04,90.11,59.33,108.44,90.55,104.85,120.16,102.3,,,2.05,2.03,1.29,2.8,2.26,92.02,0.23,95.23,2.8,92.26,5.93,0.23,95.23,9.75,5.48,1.92,0.23,1.41,3.0,1.24
269,2019,17,161892,85.98,85.88,64.61,80.79,77.45,46.42,97.69,82.51,95.49,110.08,85.94,,,3.31,2.82,2.67,4.32,2.7,89.01,0.53,91.88,4.32,91.23,7.68,0.53,91.88,11.95,6.07,3.67,0.53,3.04,5.42,2.2
270,2019,18,98675,90.52,90.49,57.8,89.2,68.56,33.58,105.49,90.07,115.07,104.18,91.47,,,5.32,6.44,4.68,6.26,4.45,92.63,0.41,93.4,6.26,93.03,2.05,0.41,93.4,2.51,2.53,2.6,0.41,2.7,3.28,1.12
271,2019,19,299016,84.42,84.39,54.49,85.23,68.78,36.42,100.7,90.74,106.93,104.26,84.1,,,2.78,2.58,1.86,3.83,3.62,90.65,0.65,92.0,3.83,91.1,6.56,0.65,92.0,8.94,5.28,1.3,0.65,1.05,1.98,0.99
272,2019,20,296234,90.77,90.57,56.0,88.23,71.4,40.08,102.06,99.46,112.13,102.39,76.4,,,4.11,5.58,3.87,4.54,2.63,89.08,0.92,90.54,4.54,90.76,6.81,0.92,90.54,10.06,6.61,1.07,0.92,0.86,1.55,0.73
273,2019,23,387454,94.23,94.16,54.9,89.17,79.23,45.26,107.57,100.47,113.84,112.85,84.74,,,2.64,3.95,2.02,3.21,2.47,93.6,0.85,94.59,3.21,93.32,3.76,0.85,94.59,4.75,4.2,3.42,0.85,3.36,4.29,2.08
274,2019,25,570377,96.14,95.86,65.93,94.63,85.96,49.7,106.07,93.54,109.27,114.63,88.08,,,3.02,3.72,2.22,4.0,2.51,91.68,0.67,94.29,4.0,92.89,5.3,0.67,94.29,8.57,4.59,1.74,0.67,1.33,2.76,0.82
275,2019,27,143999,82.64,82.64,53.13,84.13,53.38,23.92,103.24,91.52,124.17,94.1,72.49,,,2.8,3.22,2.31,3.73,2.34,88.46,0.08,88.47,3.73,92.46,8.74,0.08,88.47,11.36,5.21,1.08,0.08,1.53,0.71,0.26
276,2019,41,242194,94.2,94.12,68.48,92.18,81.35,45.83,105.3,97.37,109.96,113.03,81.96,,,4.48,3.9,2.87,6.96,3.75,85.86,0.35,90.39,6.96,87.42,9.67,0.35,90.39,16.0,8.83,2.84,0.35,2.31,4.42,1.87
277,2019,44,245778,92.92,92.86,72.01,93.02,57.99,25.08,103.71,112.96,126.79,94.02,54.34,,,2.51,3.31,2.32,2.73,1.94,93.27,0.87,93.29,2.73,94.89,4.21,0.87,93.29,5.32,3.17,3.59,0.87,4.4,3.26,0.84
278,2019,47,323546,97.49,97.27,61.86,91.83,73.84,41.03,114.32,117.09,121.8,117.06,88.25,,,3.5,4.25,2.99,4.03,3.33,93.68,0.63,94.42,4.03,94.45,2.83,0.63,94.42,3.91,2.23,1.53,0.63,1.61,1.66,0.61
279,2019,50,218194,93.59,93.51,64.64,91.63,79.83,44.99,107.15,94.58,110.22,109.71,100.67,,,3.97,5.28,3.26,4.9,3.1,90.99,0.1,93.15,4.9,92.39,5.04,0.1,93.15,8.11,4.51,1.03,0.1,0.78,1.71,0.55
280,2019,52,309763,84.0,83.95,53.02,79.87,69.44,38.0,98.35,79.69,103.73,106.3,79.43,,,1.45,1.16,0.96,2.1,1.53,95.85,0.29,96.99,2.1,95.87,2.7,0.29,96.99,4.01,2.6,3.23,0.29,2.81,4.8,1.59
281,2019,54,318252,92.25,92.18,64.42,91.15,76.09,41.87,106.49,92.94,111.14,111.31,92.28,,,3.25,4.26,2.97,3.61,2.58,90.56,0.85,92.43,3.61,90.96,6.19,0.85,92.43,9.56,6.46,1.37,0.85,1.34,1.83,0.77
282,2019,63,83130,96.77,96.73,69.76,93.4,87.85,53.61,109.23,98.02,109.84,120.02,93.02,,,3.94,3.44,3.09,5.05,3.64,88.13,0.27,91.47,5.05,89.53,7.93,0.27,91.47,12.46,6.83,1.04,0.27,0.73,1.64,0.75
283,2019,66,156174,99.14,98.88,69.78,95.57,86.25,50.47,114.85,99.96,114.3,125.75,102.21,,,4.99,5.83,3.78,6.68,3.73,88.6,0.81,91.66,6.68,91.46,6.41,0.81,91.66,10.2,4.81,1.16,0.81,0.91,1.9,0.45
284,2019,68,405798,96.38,96.2,67.64,94.58,84.7,49.96,106.83,100.52,109.33,114.34,89.26,,,3.01,3.85,2.41,3.79,2.27,89.53,0.46,93.03,3.79,90.47,7.47,0.46,93.03,12.42,7.26,1.91,0.46,1.49,2.96,1.17
285,2019,70,203411,95.93,95.88,68.35,94.94,76.35,41.9,108.96,127.39,116.79,108.63,81.84,,,3.0,3.67,2.38,3.86,2.33,87.91,0.99,89.48,3.86,90.01,9.09,0.99,89.48,13.21,7.66,1.17,0.99,1.05,1.73,0.69
286,2019,73,251347,99.2,99.1,72.23,97.58,85.03,48.77,110.63,105.32,116.5,117.44,86.82,,,3.7,4.35,2.94,4.8,2.77,89.84,0.27,92.51,4.8,91.65,6.45,0.27,92.51,10.25,5.59,0.75,0.27,0.76,0.99,0.34
287,2019,76,854243,81.68,81.46,55.95,76.71,72.69,41.95,92.62,78.13,92.39,102.53,80.57,,,3.92,4.75,3.36,4.7,2.98,88.84,0.71,91.13,4.7,91.21,7.25,0.71,91.13,10.8,5.81,1.17,0.71,1.06,1.64,0.61
288,2019,81,64095,93.09,93.06,58.17,91.77,73.22,37.31,106.49,99.4,115.96,109.03,80.99,,,4.02,4.98,3.66,4.73,2.46,95.31,0.12,95.73,4.73,96.65,0.67,0.12,95.73,0.85,0.89,3.82,0.12,3.7,5.1,1.89
289,2019,85,93431,93.46,93.43,69.21,91.44,80.9,44.98,104.68,94.71,107.83,113.91,83.55,,,3.01,3.96,2.67,3.54,2.07,90.13,0.26,92.48,3.54,92.96,6.86,0.26,92.48,11.52,4.97,1.9,0.26,1.7,2.91,0.64
290,2019,86,80890,84.83,84.83,48.43,81.13,72.12,37.16,96.73,85.2,100.14,105.88,76.07,,,5.39,5.81,3.71,7.32,5.72,85.7,0.58,89.75,7.32,85.49,8.91,0.58,89.75,13.68,8.79,1.89,0.58,1.36,2.99,1.54
291,2019,88,11002,91.92,91.87,73.12,90.97,82.13,49.97,98.59,88.57,103.61,106.51,75.5,,,2.08,1.31,2.08,2.44,1.49,88.64,0.82,91.51,2.44,90.32,9.28,0.82,91.51,15.21,8.19,3.86,0.82,3.35,6.08,0.96
292,2019,91,22435,81.4,81.4,53.19,78.9,60.64,29.73,95.56,99.08,103.43,95.95,70.41,,,4.17,6.4,2.76,5.17,6.03,88.23,0.39,91.1,5.17,83.85,7.6,0.39,91.1,11.3,10.13,7.07,0.39,6.36,9.54,6.54
293,2019,94,15808,66.26,66.26,48.64,67.19,31.46,8.69,80.77,87.79,100.39,71.92,42.29,,,5.7,6.34,4.58,7.47,6.95,78.65,3.0,79.38,7.47,84.56,15.65,3.0,79.38,21.25,8.49,7.31,3.0,8.29,8.13,3.6
294,2019,95,21301,83.11,83.09,42.11,79.69,68.44,30.38,100.82,77.11,109.68,109.47,72.9,,,4.47,6.67,4.0,4.95,3.37,88.03,0.69,90.54,4.95,89.29,7.5,0.69,90.54,12.06,7.35,1.64,0.69,1.69,2.18,0.4
295,2019,97,15675,52.33,52.33,22.63,55.02,29.99,13.08,61.04,33.41,77.91,56.12,40.26,,,3.04,4.82,1.8,5.08,3.29,90.08,0.23,91.85,5.08,88.2,6.88,0.23,91.85,8.52,8.5,3.71,0.23,4.03,4.37,0.82
296,2019,99,33198,55.51,55.51,35.98,59.19,25.0,8.73,62.42,57.64,90.21,46.04,23.92,,,7.63,7.0,7.45,8.96,4.78,74.92,2.04,71.3,8.96,86.31,17.44,2.04,71.3,14.48,8.92,7.82,2.04,10.66,4.32,1.47
297,2020,5,1151149,93.59,93.43,70.25,88.26,83.38,47.45,106.19,88.33,105.36,119.54,90.74,,,2.3,2.23,1.98,2.72,2.21,89.97,0.79,92.19,2.72,90.67,7.73,0.79,92.19,11.46,7.12,6.48,0.79,5.92,9.37,3.17
298,2020,8,542750,92.75,92.38,64.16,89.39,78.67,49.83,100.38,94.39,106.35,101.76,85.96,,,1.41,1.4,1.46,1.49,1.0,94.04,3.12,94.41,1.49,95.83,4.55,3.12,94.41,5.88,3.17,4.27,3.12,3.98,6.05,2.13
299,2020,11,1181597,96.41,95.89,69.15,93.79,89.06,57.3,104.74,85.9,106.07,111.81,97.06,,,0.46,0.52,0.5,0.38,0.55,94.4,0.42,96.29,0.38,92.12,5.14,0.42,96.29,7.51,7.33,3.75,0.42,3.14,5.71,2.27
300,2020,13,466941,98.91,98.8,66.16,96.52,81.8,47.79,110.4,104.42,117.7,114.19,87.6,,,2.03,1.77,1.75,2.52,1.93,94.06,2.4,95.1,2.52,94.33,3.91,2.4,95.1,5.38,3.74,5.92,2.4,5.99,7.71,3.29
301,2020,15,234540,94.91,94.84,68.86,90.33,89.76,58.72,103.67,89.14,101.34,113.45,96.79,,,1.7,1.51,1.04,2.15,2.39,90.55,0.81,95.24,2.15,88.39,7.75,0.81,95.24,12.68,9.22,5.42,0.81,3.81,8.55,3.95
302,2020,17,161746,84.65,84.57,63.32,78.77,76.79,49.02,96.32,79.87,92.36,108.42,89.81,,,2.35,1.52,1.72,3.11,2.49,92.89,0.33,95.24,3.11,92.62,4.76,0.33,95.24,7.35,4.89,6.48,0.33,5.59,9.66,3.27
303,2020,18,98602,88.94,88.91,57.46,88.03,69.09,33.55,101.54,89.18,112.3,101.89,79.78,,,6.28,5.27,5.67,7.56,5.76,83.74,1.17,85.57,7.56,83.69,9.98,1.17,85.57,13.66,10.54,4.19,1.17,4.34,5.35,2.08
304,2020,19,296813,85.0,84.97,54.92,85.48,70.04,38.72,95.43,88.61,104.87,96.75,74.07,,,1.59,1.46,1.06,2.08,2.4,91.93,0.7,93.88,2.08,90.58,6.48,0.7,93.88,9.54,7.02,5.87,0.7,6.06,7.73,3.14
305,2020,20,302403,89.88,89.73,56.65,86.96,71.9,40.41,99.16,96.11,108.6,100.26,73.78,,,8.58,6.36,5.97,6.36,29.89,82.4,6.53,87.38,6.36,62.63,9.02,6.53,87.38,13.35,7.48,5.24,6.53,4.81,7.4,3.3
306,2020,23,388446,93.27,93.21,54.06,87.47,80.12,46.3,103.59,97.93,108.22,109.68,82.48,,,2.54,3.84,1.87,2.95,2.93,92.27,4.31,94.15,2.95,92.07,5.2,4.31,94.15,6.99,5.0,5.84,4.31,5.83,7.36,3.76
307,2020,25,592264,93.68,93.42,64.47,90.32,86.08,50.35,103.27,89.51,103.47,113.34,89.89,,,2.78,3.36,2.34,2.93,3.56,90.58,1.61,93.77,2.93,89.18,6.63,1.61,93.77,10.51,7.26,5.29,1.61,4.22,8.09,3.04
308,2020,27,143711,83.98,83.97,53.17,85.84,55.87,26.01,94.63,90.95,116.95,86.55,54.3,,,2.04,1.64,1.57,2.82,2.54,91.72,1.02,92.52,2.82,92.07,6.24,1.02,92.52,8.45,5.39,7.78,1.02,9.26,8.47,3.16
309,2020,41,242199,93.46,93.38,65.22,92.14,81.78,46.27,103.51,91.73,107.37,112.21,82.25,,,2.49,1.8,1.96,3.32,2.54,89.63,0.27,93.52,3.32,88.15,7.88,0.27,93.52,13.55,9.31,6.85,0.27,5.69,10.59,4.33
310,2020,44,252101,94.28,94.2,77.87,94.12,58.87,27.06,104.74,117.18,126.28,94.69,57.76,,,2.08,2.35,2.22,1.76,1.92,89.11,3.64,88.9,1.76,91.5,8.81,3.64,88.9,11.06,6.58,5.87,3.64,6.79,6.39,1.96
311,2020,47,327562,96.03,95.83,61.18,90.4,74.25,42.61,110.91,110.44,117.1,113.68,89.82,,,3.87,5.68,4.26,2.97,3.64,90.81,2.9,92.28,2.97,91.53,5.32,2.9,92.28,8.56,4.83,3.8,2.9,3.67,5.04,1.8
312,2020,50,217673,93.91,93.83,65.64,90.98,81.17,47.12,105.44,91.93,108.73,109.93,95.06,,,2.47,3.14,2.25,2.68,2.25,87.06,1.98,89.78,2.68,87.79,10.47,1.98,89.78,15.49,9.95,4.32,1.98,3.53,6.77,2.42
313,2020,52,305761,84.15,84.1,55.01,79.06,69.72,41.01,97.39,79.03,100.83,105.22,82.91,,,1.75,1.02,1.73,2.03,1.43,89.34,3.68,89.94,2.03,91.76,8.91,3.68,89.94,11.4,6.81,4.68,3.68,4.61,6.35,2.35
314,2020,54,325981,90.24,90.16,66.9,89.0,76.87,41.2,98.32,93.61,106.72,100.01,76.29,,,3.94,4.03,3.65,4.58,3.08,88.82,2.67,89.74,4.58,90.82,7.24,2.67,89.74,9.48,6.11,5.51,2.67,4.57,8.25,4.13
315,2020,63,83129,95.97,95.93,71.49,91.39,87.94,56.4,107.41,96.38,105.63,119.41,94.09,,,3.07,2.76,2.57,3.6,3.27,90.1,0.46,93.22,3.6,89.2,6.83,0.46,93.22,10.59,7.53,6.06,0.46,4.85,9.52,3.34
316,2020,66,155149,98.9,98.64,69.93,94.52,87.35,52.26,113.87,98.11,112.29,125.43,102.75,,,2.89,2.62,2.56,3.46,2.5,88.68,2.78,91.57,3.46,88.42,8.43,2.78,91.57,12.22,9.08,5.41,2.78,4.41,8.29,2.91
317,2020,68,408876,95.97,95.83,68.01,93.45,85.52,51.23,105.54,95.58,107.51,113.25,90.52,,,1.85,1.96,1.58,2.14,1.91,91.04,2.84,93.97,2.14,91.26,7.1,2.84,93.97,11.15,6.84,6.26,2.84,4.7,9.96,4.02
318,2020,70,204837,95.22,95.17,66.44,92.84,77.21,43.08,107.93,123.04,114.3,109.76,81.42,,,2.0,3.35,1.36,2.53,1.76,92.43,3.1,94.7,2.53,92.48,5.57,3.1,94.7,8.34,5.76,7.51,3.1,7.32,10.51,4.59
319,2020,73,247605,99.37,99.27,70.66,97.01,85.93,51.47,110.54,103.33,114.67,117.57,90.92,,,3.29,2.87,2.89,3.93,3.06,90.22,0.94,92.73,3.93,90.79,6.48,0.94,92.73,10.16,6.15,5.13,0.94,4.39,7.76,2.74
320,2020,76,846957,82.18,81.96,57.87,77.11,73.15,44.44,92.14,78.98,91.09,101.59,82.36,,,2.73,3.59,2.59,2.86,2.38,90.41,1.88,92.43,2.86,91.11,6.86,1.88,92.43,9.92,6.5,5.72,1.88,5.05,8.31,2.85
321,2020,81,66580,92.84,92.81,59.0,90.7,74.91,37.32,105.96,95.92,116.78,108.35,78.52,,,3.93,2.21,3.54,4.82,4.48,85.52,4.02,87.63,4.82,86.81,10.55,4.02,87.63,15.39,8.71,3.9,4.02,3.48,5.77,1.73
322,2020,85,93855,94.38,94.35,71.29,92.78,82.72,47.14,104.95,94.89,107.79,113.83,85.36,,,2.11,2.14,1.96,2.32,1.99,90.95,0.84,93.57,2.32,90.63,6.94,0.84,93.57,11.29,7.38,5.43,0.84,4.48,8.79,2.37
323,2020,86,80810,84.42,84.41,50.72,80.58,73.07,39.5,95.21,83.77,98.36,104.01,75.86,,,7.42,4.49,5.84,9.56,8.81,86.8,0.25,90.59,9.56,85.05,5.78,0.25,90.59,9.57,6.14,6.81,0.25,5.74,10.17,4.66
324,2020,88,11169,92.77,92.67,77.45,90.69,83.01,50.87,99.15,94.13,102.9,107.5,75.68,,,1.41,1.26,1.3,1.56,1.46,91.77,1.73,92.69,1.56,89.67,6.82,1.73,92.69,8.25,8.87,8.67,1.73,7.44,12.91,4.7
325,2020,91,22563,81.26,81.24,50.16,79.55,60.21,30.42,94.99,90.51,102.71,96.86,72.2,,,2.37,6.46,0.75,3.6,2.83,88.72,0.06,94.52,3.6,79.26,8.91,0.06,94.52,15.1,17.91,10.0,0.06,10.63,12.25,6.8
326,2020,94,15771,70.52,70.51,55.92,69.96,33.54,10.73,83.91,96.5,105.58,72.4,43.18,,,3.53,5.18,3.49,3.13,3.04,81.46,4.16,84.51,3.13,79.5,15.01,4.16,84.51,24.57,17.45,10.5,4.16,11.43,13.99,3.6
327,2020,95,21482,83.07,83.06,43.3,76.41,67.8,34.28,100.72,81.17,103.18,111.13,83.61,,,4.41,3.09,3.27,5.81,6.32,86.67,1.25,91.56,5.81,83.32,8.92,1.25,91.56,15.58,10.36,6.04,1.25,5.45,8.77,3.37
328,2020,97,15910,53.47,53.47,30.55,54.96,31.22,13.32,62.8,43.8,78.15,58.55,40.98,,,2.54,2.88,2.11,2.8,4.09,81.18,6.67,79.57,2.8,81.14,16.28,6.67,79.57,14.86,14.76,7.15,6.67,7.86,7.44,5.08
329,2020,99,33298,60.15,60.14,43.53,64.7,26.74,9.9,66.64,63.7,97.83,47.1,25.59,,,3.07,2.88,3.09,3.3,2.17,84.08,0.06,82.07,3.3,91.72,12.85,0.06,82.07,13.48,6.1,14.44,0.06,18.98,9.62,3.93
330,2021,5,1149861,9262.0,9245.0,6922.0,8705.0,8280.0,4985.0,10469.0,8554.0,10329.0,11702.0,9314.0,,,481.0,359.0,427.0,590.0,413.0,8752.0,30.0,8926.0,590.0,8894.0,766.0,30.0,8926.0,1065.0,693.0,584.0,30.0,507.0,868.0,302.0
331,2021,8,546055,9393.0,9355.0,6165.0,8970.0,8098.0,5145.0,10196.0,8860.0,10693.0,10459.0,9109.0,,,167.0,215.0,175.0,168.0,103.0,9056.0,314.0,9134.0,168.0,9266.0,778.0,314.0,9134.0,1034.0,632.0,382.0,314.0,375.0,488.0,156.0
332,2021,11,1174274,9428.0,9380.0,6399.0,8992.0,8919.0,5884.0,10257.0,7921.0,10147.0,11135.0,9955.0,,,129.0,107.0,108.0,135.0,188.0,8815.0,86.0,9146.0,135.0,8715.0,1056.0,86.0,9146.0,1584.0,1097.0,329.0,86.0,244.0,520.0,239.0
333,2021,13,469046,9939.0,9930.0,6182.0,9668.0,8348.0,5046.0,11133.0,9214.0,11798.0,11618.0,9465.0,,,369.0,413.0,333.0,427.0,313.0,8865.0,118.0,8987.0,427.0,8889.0,766.0,118.0,8987.0,1010.0,798.0,410.0,118.0,369.0,567.0,212.0
334,2021,15,234348,9555.0,9548.0,6977.0,8956.0,9109.0,5926.0,10485.0,8852.0,10158.0,11706.0,9631.0,,,297.0,275.0,213.0,363.0,369.0,8805.0,96.0,9234.0,363.0,8730.0,898.0,96.0,9234.0,1394.0,901.0,591.0,96.0,341.0,977.0,486.0
335,2021,17,161737,8434.0,8425.0,6305.0,7878.0,7679.0,5084.0,9587.0,7740.0,9237.0,10648.0,9230.0,,,310.0,250.0,248.0,392.0,302.0,9020.0,81.0,9205.0,392.0,9070.0,670.0,81.0,9205.0,924.0,628.0,446.0,81.0,365.0,671.0,276.0
336,2021,18,98412,8673.0,8670.0,5537.0,8621.0,6799.0,3282.0,9751.0,8198.0,10908.0,9982.0,7140.0,,,850.0,563.0,756.0,1066.0,779.0,8282.0,84.0,8445.0,1066.0,8397.0,868.0,84.0,8445.0,1146.0,824.0,759.0,84.0,762.0,984.0,423.0
337,2021,19,294933,8633.0,8628.0,5546.0,8619.0,7160.0,4052.0,9767.0,8645.0,10616.0,10032.0,7752.0,,,303.0,211.0,202.0,424.0,404.0,8833.0,121.0,9029.0,424.0,8700.0,864.0,121.0,9029.0,1144.0,896.0,598.0,121.0,531.0,857.0,434.0
338,2021,20,305550,8921.0,8904.0,5313.0,8564.0,7250.0,4047.0,9880.0,8754.0,10840.0,10153.0,7376.0,,,243.0,227.0,218.0,285.0,223.0,8909.0,154.0,9080.0,285.0,8968.0,849.0,154.0,9080.0,1214.0,809.0,628.0,154.0,477.0,987.0,382.0
339,2021,23,388712,9304.0,9295.0,5009.0,8649.0,8055.0,4960.0,10367.0,8579.0,10749.0,11056.0,8923.0,,,295.0,377.0,232.0,353.0,308.0,8941.0,279.0,9058.0,353.0,8986.0,763.0,279.0,9058.0,943.0,706.0,481.0,279.0,411.0,620.0,304.0
340,2021,25,610367,9084.0,9058.0,6068.0,8596.0,8479.0,5040.0,10006.0,8359.0,9903.0,11110.0,8910.0,,,406.0,444.0,370.0,451.0,374.0,8934.0,103.0,9202.0,451.0,8906.0,659.0,103.0,9202.0,1010.0,720.0,520.0,103.0,359.0,839.0,337.0
341,2021,27,143120,8722.0,8717.0,5185.0,8988.0,6074.0,2910.0,10043.0,8389.0,12019.0,9800.0,6231.0,,,402.0,368.0,314.0,534.0,474.0,8605.0,16.0,8751.0,534.0,8683.0,992.0,16.0,8751.0,1349.0,843.0,589.0,16.0,645.0,693.0,337.0
342,2021,41,242129,9380.0,9373.0,6434.0,9329.0,8221.0,4819.0,10413.0,8799.0,10821.0,11230.0,8555.0,,,618.0,367.0,492.0,837.0,617.0,8398.0,22.0,8737.0,837.0,8425.0,984.0,22.0,8737.0,1475.0,958.0,523.0,22.0,377.0,853.0,423.0
343,2021,44,255513,9946.0,9935.0,7915.0,10004.0,6089.0,2793.0,11161.0,11714.0,13724.0,9857.0,6302.0,,,206.0,190.0,206.0,223.0,162.0,8912.0,195.0,8864.0,223.0,9079.0,882.0,195.0,8864.0,1052.0,760.0,609.0,195.0,699.0,640.0,277.0
344,2021,47,328343,9715.0,9690.0,6003.0,9135.0,7568.0,4334.0,11269.0,10614.0,11857.0,11551.0,9537.0,,,207.0,160.0,178.0,238.0,263.0,9446.0,118.0,9572.0,238.0,9293.0,347.0,118.0,9572.0,501.0,444.0,309.0,118.0,257.0,424.0,177.0
345,2021,50,216914,9437.0,9428.0,6507.0,9062.0,8171.0,4795.0,10594.0,8978.0,10886.0,11123.0,9618.0,,,440.0,360.0,436.0,476.0,393.0,8600.0,53.0,8837.0,476.0,8640.0,960.0,53.0,8837.0,1428.0,967.0,619.0,53.0,544.0,906.0,361.0
346,2021,52,302506,8350.0,8343.0,5518.0,7817.0,6947.0,4292.0,9669.0,7471.0,9917.0,10361.0,8761.0,,,223.0,146.0,140.0,314.0,287.0,9183.0,94.0,9314.0,314.0,9224.0,594.0,94.0,9314.0,786.0,488.0,666.0,94.0,641.0,900.0,351.0
347,2021,54,328034,9206.0,9200.0,6558.0,8954.0,7923.0,4463.0,10177.0,8992.0,10791.0,10419.0,8745.0,,,410.0,364.0,383.0,468.0,375.0,8757.0,140.0,8953.0,468.0,8775.0,833.0,140.0,8953.0,1207.0,850.0,390.0,140.0,310.0,592.0,279.0
348,2021,63,83299,9472.0,9464.0,7034.0,9025.0,8673.0,5700.0,10515.0,9207.0,10396.0,11564.0,9430.0,,,620.0,589.0,579.0,700.0,546.0,8710.0,23.0,8931.0,700.0,8789.0,670.0,23.0,8931.0,999.0,666.0,444.0,23.0,320.0,719.0,300.0
349,2021,66,154342,9933.0,9907.0,6807.0,9464.0,8870.0,5418.0,11487.0,9507.0,11351.0,12584.0,10637.0,,,465.0,427.0,400.0,566.0,413.0,8778.0,94.0,8983.0,566.0,8910.0,757.0,94.0,8983.0,1072.0,677.0,433.0,94.0,346.0,633.0,317.0
350,2021,68,409198,9605.0,9589.0,6785.0,9303.0,8689.0,5330.0,10658.0,9226.0,10629.0,11352.0,10060.0,,,400.0,389.0,376.0,460.0,318.0,8749.0,77.0,9095.0,460.0,8797.0,851.0,77.0,9095.0,1368.0,885.0,447.0,77.0,305.0,745.0,291.0
351,2021,70,205082,9550.0,9546.0,6394.0,9224.0,7867.0,4528.0,10854.0,11150.0,11408.0,11170.0,8714.0,,,251.0,236.0,217.0,303.0,238.0,8982.0,107.0,9121.0,303.0,9004.0,767.0,107.0,9121.0,1070.0,758.0,397.0,107.0,297.0,603.0,338.0
352,2021,73,244021,10121.0,10113.0,7255.0,9801.0,8841.0,5361.0,11246.0,10179.0,11629.0,12011.0,9370.0,,,503.0,423.0,442.0,622.0,414.0,8743.0,31.0,8966.0,622.0,8822.0,754.0,31.0,8966.0,1080.0,764.0,420.0,31.0,326.0,660.0,256.0
353,2021,76,839566,8186.0,8167.0,5521.0,7654.0,7248.0,4788.0,9214.0,7333.0,9070.0,10040.0,8840.0,,,453.0,456.0,445.0,493.0,368.0,8716.0,104.0,8867.0,493.0,8872.0,831.0,104.0,8867.0,1148.0,761.0,476.0,104.0,406.0,692.0,280.0
354,2021,81,67759,9394.0,9388.0,6338.0,9140.0,7478.0,3753.0,10780.0,9773.0,11953.0,10896.0,8015.0,,,331.0,299.0,332.0,351.0,278.0,9354.0,74.0,9416.0,351.0,9390.0,315.0,74.0,9416.0,472.0,332.0,667.0,74.0,567.0,1023.0,380.0
355,2021,85,93896,9467.0,9463.0,6784.0,9330.0,8270.0,4939.0,10584.0,8663.0,11057.0,11443.0,8668.0,,,461.0,334.0,393.0,565.0,489.0,8647.0,77.0,8998.0,565.0,8473.0,892.0,77.0,8998.0,1368.0,1038.0,626.0,77.0,497.0,992.0,372.0
356,2021,86,80699,8459.0,8457.0,5120.0,8181.0,7259.0,3964.0,9622.0,8067.0,10099.0,10392.0,7705.0,,,1028.0,726.0,860.0,1318.0,968.0,8230.0,42.0,8615.0,1318.0,8347.0,742.0,42.0,8615.0,1169.0,685.0,487.0,42.0,351.0,789.0,358.0
357,2021,88,11312,9088.0,9082.0,7046.0,8800.0,8312.0,5105.0,9669.0,8244.0,9933.0,10699.0,7695.0,,,71.0,50.0,34.0,94.0,145.0,9103.0,17.0,9263.0,94.0,8839.0,826.0,17.0,9263.0,1065.0,1015.0,415.0,17.0,402.0,462.0,484.0
358,2021,91,22670,8203.0,8196.0,5513.0,8129.0,5936.0,2798.0,9593.0,8818.0,10391.0,9903.0,7202.0,,,504.0,693.0,331.0,651.0,738.0,8604.0,44.0,8837.0,651.0,8138.0,892.0,44.0,8837.0,1128.0,1124.0,1476.0,44.0,943.0,2522.0,1639.0
359,2021,94,15643,7805.0,7796.0,5555.0,7739.0,3678.0,1083.0,9244.0,9728.0,11682.0,8255.0,4596.0,,,867.0,853.0,707.0,1090.0,1228.0,7200.0,1210.0,7433.0,1090.0,7265.0,1932.0,1210.0,7433.0,2396.0,1507.0,1023.0,1210.0,894.0,1495.0,928.0
360,2021,95,21658,8491.0,8479.0,4456.0,7795.0,6888.0,3569.0,10064.0,7716.0,10675.0,11145.0,7535.0,,,729.0,706.0,534.0,994.0,800.0,8284.0,46.0,8687.0,994.0,8252.0,988.0,46.0,8687.0,1493.0,949.0,780.0,46.0,572.0,1284.0,477.0
361,2021,97,16081,5473.0,5472.0,3092.0,5563.0,3297.0,1282.0,6682.0,4838.0,7934.0,6639.0,4481.0,,,418.0,506.0,303.0,516.0,691.0,9014.0,16.0,9258.0,516.0,8369.0,567.0,16.0,9258.0,781.0,940.0,360.0,16.0,274.0,553.0,419.0
362,2021,99,33183,6544.0,6543.0,4544.0,7292.0,2849.0,1105.0,7300.0,6551.0,10757.0,5211.0,2912.0,,,502.0,450.0,400.0,765.0,618.0,7756.0,6.0,7492.0,765.0,8375.0,1742.0,6.0,7492.0,1498.0,1007.0,1113.0,6.0,1393.0,904.0,338.0
363,2022,5,1134099,9350.0,9332.0,7312.0,8854.0,8183.0,5235.0,10484.0,9227.0,10317.0,11541.0,9423.0,,,473.0,436.0,401.0,600.0,382.0,8710.0,16.0,8952.0,600.0,8983.0,817.0,25.0,8952.0,1249.0,635.0,649.0,25.0,658.0,878.0,334.0
364,2022,8,544473,9440.0,9401.0,6546.0,8956.0,8009.0,5305.0,10312.0,9681.0,10621.0,10380.0,9715.0,,,264.0,341.0,274.0,272.0,157.0,9106.0,95.0,9151.0,272.0,9372.0,630.0,276.0,9151.0,874.0,471.0,591.0,276.0,607.0,744.0,284.0
365,2022,11,1150474,9389.0,9337.0,6340.0,8775.0,8864.0,6205.0,10187.0,7943.0,9886.0,11061.0,10361.0,,,346.0,414.0,335.0,372.0,280.0,9055.0,21.0,9238.0,372.0,9174.0,599.0,29.0,9238.0,932.0,546.0,572.0,29.0,470.0,883.0,345.0
366,2022,13,464305,10032.0,10019.0,6826.0,9769.0,8289.0,5106.0,11309.0,10412.0,11809.0,11680.0,9753.0,,,401.0,492.0,361.0,450.0,356.0,8882.0,37.0,9003.0,450.0,9003.0,717.0,177.0,9003.0,1012.0,640.0,685.0,177.0,737.0,850.0,356.0
367,2022,15,234191,9395.0,9387.0,7404.0,8865.0,8770.0,5945.0,10284.0,9475.0,9880.0,11317.0,9586.0,,,290.0,303.0,209.0,379.0,274.0,8990.0,15.0,9325.0,379.0,9157.0,720.0,77.0,9325.0,1176.0,569.0,761.0,77.0,575.0,1181.0,512.0
368,2022,17,159847,8332.0,8321.0,6536.0,7806.0,7470.0,5096.0,9350.0,8288.0,8979.0,10238.0,9015.0,,,381.0,379.0,266.0,517.0,362.0,8860.0,36.0,9139.0,517.0,9091.0,759.0,72.0,9139.0,1168.0,548.0,600.0,72.0,608.0,811.0,313.0
369,2022,18,97946,8350.0,8348.0,5727.0,8399.0,6561.0,3297.0,9441.0,8928.0,10557.0,9380.0,7018.0,,,637.0,695.0,558.0,784.0,479.0,8749.0,29.0,8835.0,784.0,8998.0,614.0,75.0,8835.0,794.0,523.0,749.0,75.0,854.0,875.0,333.0
370,2022,19,295168,8577.0,8573.0,5959.0,8571.0,7021.0,4039.0,9726.0,9687.0,10338.0,9900.0,7950.0,,,396.0,353.0,256.0,551.0,532.0,8895.0,76.0,9069.0,551.0,8910.0,709.0,104.0,9069.0,967.0,558.0,745.0,104.0,788.0,953.0,443.0
371,2022,20,308443,8794.0,8777.0,5935.0,8494.0,7013.0,4000.0,9742.0,9765.0,10591.0,9847.0,7323.0,,,602.0,696.0,530.0,717.0,470.0,8662.0,38.0,8846.0,717.0,8865.0,737.0,172.0,8846.0,1084.0,665.0,744.0,172.0,762.0,969.0,398.0
372,2022,23,390847,9075.0,9066.0,5525.0,8472.0,7664.0,5028.0,10154.0,9781.0,10265.0,10646.0,9075.0,,,409.0,526.0,295.0,515.0,424.0,8739.0,120.0,8926.0,515.0,8798.0,853.0,339.0,8926.0,1138.0,778.0,752.0,339.0,853.0,859.0,388.0
373,2022,25,583695,9646.0,9616.0,6726.0,9119.0,8869.0,5467.0,10512.0,9584.0,10415.0,11567.0,9138.0,,,386.0,493.0,330.0,464.0,282.0,9002.0,61.0,9263.0,464.0,9223.0,612.0,121.0,9263.0,1000.0,496.0,681.0,121.0,558.0,1032.0,401.0
374,2022,27,147806,8450.0,8450.0,5604.0,8714.0,5933.0,2868.0,10206.0,9461.0,11486.0,10288.0,7147.0,,,367.0,369.0,289.0,467.0,437.0,8788.0,1.0,8783.0,467.0,9019.0,845.0,16.0,8783.0,1012.0,544.0,905.0,16.0,1023.0,1069.0,462.0
375,2022,41,247652,9187.0,9177.0,6854.0,9296.0,7759.0,4817.0,10130.0,9594.0,10608.0,10555.0,8320.0,,,513.0,372.0,337.0,790.0,509.0,8630.0,10.0,9002.0,790.0,8675.0,856.0,17.0,9002.0,1339.0,816.0,696.0,17.0,684.0,975.0,399.0
376,2022,44,262402,9933.0,9925.0,8295.0,10013.0,6036.0,2843.0,11067.0,12549.0,13438.0,9732.0,6376.0,,,365.0,407.0,344.0,411.0,291.0,8654.0,208.0,8650.0,411.0,8970.0,981.0,261.0,8650.0,1265.0,739.0,977.0,261.0,1192.0,983.0,343.0
377,2022,47,327302,9616.0,9592.0,6325.0,9025.0,7423.0,4248.0,11849.0,11428.0,13165.0,11474.0,9533.0,,,490.0,635.0,456.0,509.0,454.0,9107.0,81.0,9155.0,509.0,9250.0,403.0,311.0,9155.0,536.0,296.0,502.0,311.0,457.0,675.0,293.0
378,2022,50,221130,9324.0,9317.0,6828.0,9028.0,7910.0,4842.0,10525.0,9587.0,10838.0,10754.0,9752.0,,,518.0,566.0,453.0,628.0,402.0,8745.0,23.0,8965.0,628.0,9006.0,737.0,37.0,8965.0,1134.0,592.0,747.0,37.0,689.0,1081.0,413.0
379,2022,52,307217,8063.0,8058.0,5947.0,7543.0,6677.0,4178.0,9287.0,8280.0,9386.0,9881.0,8382.0,,,285.0,206.0,211.0,383.0,319.0,9201.0,30.0,9308.0,383.0,9253.0,514.0,141.0,9308.0,693.0,428.0,807.0,141.0,903.0,1000.0,349.0
380,2022,54,328869,9188.0,9181.0,6999.0,8895.0,7687.0,4666.0,10186.0,9787.0,10567.0,10306.0,9179.0,,,449.0,541.0,436.0,477.0,345.0,8756.0,28.0,8889.0,477.0,8901.0,795.0,73.0,8889.0,1155.0,754.0,603.0,73.0,571.0,854.0,355.0
381,2022,63,81903,9529.0,9524.0,7432.0,9151.0,8511.0,5884.0,10521.0,9958.0,10497.0,11181.0,9586.0,,,597.0,631.0,498.0,724.0,554.0,8673.0,9.0,8981.0,724.0,8838.0,730.0,13.0,8981.0,1181.0,608.0,486.0,13.0,443.0,728.0,268.0
382,2022,66,155669,9779.0,9752.0,7040.0,9285.0,8606.0,5451.0,11161.0,9938.0,10974.0,12029.0,10512.0,,,642.0,635.0,515.0,835.0,537.0,8695.0,62.0,9037.0,835.0,8948.0,663.0,74.0,9037.0,1098.0,514.0,570.0,74.0,544.0,793.0,329.0
383,2022,68,405521,9667.0,9649.0,7328.0,9372.0,8459.0,5391.0,10707.0,10327.0,10667.0,11166.0,10081.0,,,493.0,597.0,444.0,580.0,351.0,8749.0,25.0,9032.0,580.0,8940.0,758.0,49.0,9032.0,1217.0,710.0,643.0,49.0,491.0,1043.0,402.0
384,2022,70,203779,9448.0,9441.0,6823.0,9168.0,7734.0,4670.0,10724.0,12421.0,11055.0,10979.0,8619.0,,,390.0,392.0,293.0,524.0,348.0,8751.0,23.0,8904.0,524.0,8880.0,860.0,159.0,8904.0,1192.0,772.0,612.0,159.0,620.0,811.0,371.0
385,2022,73,242793,10035.0,10026.0,7690.0,9862.0,8587.0,5368.0,11139.0,11159.0,11469.0,11761.0,9204.0,,,471.0,463.0,394.0,594.0,383.0,8839.0,33.0,9034.0,594.0,9077.0,690.0,31.0,9034.0,1022.0,540.0,621.0,31.0,618.0,850.0,344.0
386,2022,76,848047,7971.0,7950.0,5959.0,7532.0,6857.0,4739.0,8932.0,8108.0,8818.0,9427.0,8626.0,,,551.0,594.0,493.0,653.0,446.0,8648.0,55.0,8878.0,653.0,8906.0,801.0,79.0,8878.0,1215.0,648.0,633.0,79.0,622.0,855.0,383.0
387,2022,81,66682,9270.0,9267.0,6927.0,8955.0,7098.0,3978.0,10514.0,10812.0,11302.0,10451.0,8388.0,,,698.0,780.0,731.0,687.0,480.0,8853.0,50.0,8870.0,687.0,9168.0,449.0,203.0,8870.0,678.0,352.0,681.0,203.0,658.0,988.0,269.0
388,2022,85,95609,9341.0,9337.0,7177.0,9213.0,8004.0,4904.0,10268.0,9235.0,10558.0,11079.0,8430.0,,,398.0,467.0,343.0,488.0,298.0,8853.0,21.0,9095.0,488.0,9091.0,749.0,55.0,9095.0,1199.0,612.0,703.0,55.0,619.0,1057.0,402.0
389,2022,86,81190,8183.0,8181.0,5542.0,8138.0,6708.0,3904.0,9102.0,8824.0,9686.0,9414.0,7187.0,,,654.0,578.0,525.0,867.0,599.0,8637.0,38.0,8923.0,867.0,8765.0,709.0,36.0,8923.0,1103.0,635.0,576.0,36.0,507.0,871.0,361.0
390,2022,88,10796,9705.0,9689.0,8188.0,9379.0,8711.0,5680.0,10280.0,9606.0,10322.0,11274.0,8520.0,,,322.0,163.0,264.0,416.0,343.0,8451.0,0.0,9003.0,416.0,8285.0,1227.0,30.0,9003.0,2021.0,1372.0,798.0,30.0,913.0,938.0,487.0
391,2022,91,23239,7725.0,7724.0,5473.0,7944.0,5518.0,2485.0,9058.0,9022.0,9993.0,8918.0,6902.0,,,611.0,608.0,404.0,890.0,778.0,8845.0,12.0,9096.0,890.0,8773.0,544.0,225.0,9096.0,789.0,449.0,1042.0,225.0,1181.0,1161.0,674.0
392,2022,94,16612,6760.0,6760.0,5202.0,6774.0,3386.0,1026.0,7776.0,8042.0,10021.0,6833.0,3732.0,,,708.0,662.0,568.0,1016.0,625.0,7921.0,123.0,7794.0,1016.0,8774.0,1371.0,719.0,7794.0,1413.0,601.0,1302.0,719.0,1478.0,1330.0,495.0
393,2022,95,22538,8014.0,8013.0,4574.0,7353.0,6447.0,3205.0,9571.0,7708.0,10013.0,10368.0,7793.0,,,367.0,562.0,269.0,487.0,286.0,8741.0,192.0,8906.0,487.0,9105.0,892.0,108.0,8906.0,1217.0,609.0,839.0,108.0,877.0,1062.0,406.0
394,2022,97,15585,5551.0,5551.0,3719.0,5593.0,3430.0,1369.0,6601.0,5213.0,7915.0,6407.0,4392.0,,,472.0,443.0,296.0,726.0,594.0,9254.0,0.0,9425.0,726.0,9266.0,274.0,197.0,9425.0,358.0,140.0,926.0,197.0,1173.0,809.0,420.0
395,2022,99,33949,6699.0,6698.0,4858.0,7602.0,2891.0,1158.0,7403.0,6288.0,11048.0,5261.0,2955.0,,,658.0,515.0,638.0,765.0,611.0,7629.0,12.0,7205.0,765.0,8735.0,1714.0,36.0,7205.0,1273.0,654.0,1424.0,36.0,1803.0,1031.0,519.0
